layer,matrix,frob_svmo_over_W,frob_lora_raw_over_W,frob_lora_scaled_over_W,kurt_base,kurt_svmo,kurt_lora_raw,kurt_lora_scaled,maxstd_base,maxstd_svmo,maxstd_lora_raw,maxstd_lora_scaled
0,q_proj,0.0004988517030142248,0.01680910401046276,0.0004988255677744746,0.1286660639444932,0.12861910849905195,0.1284956613291752,0.1286641599970939,4.044678505665938,4.04456828774069,4.044822647920794,4.044691944094078
0,k_proj,0.0004335941921453923,0.013737219385802746,0.0004335938428994268,0.1764476660792107,0.1764959686428884,0.17611943935438157,0.17644415219812254,4.0504150185225285,4.050483176924165,4.049373296571359,4.050394958641335
0,v_proj,0.0008707905071787536,0.043786946684122086,0.0008707923698239028,0.11078267713878925,0.11074103249433301,0.1101593724767089,0.11078265972273811,3.9720620767653347,3.9719942217018507,3.9748122070123726,3.9721534734773947
0,o_proj,0.00010589347220957279,0.03182217478752136,0.00010588428995106369,1.617541015308753,1.6176286954656054,1.6139779663353886,1.6175392390908598,5.1694644249323085,5.1695486635667285,5.16752817625443,5.169464408783254
0,gate_proj,0.0007767247734591365,0.0239059217274189,0.0007765256450511515,709.5644921683203,709.56702968348,708.5991403022522,709.5632622548499,15.687960987208275,15.688145506615186,15.683522066933135,15.6879634640208
0,up_proj,7.675233064219356e-05,0.02934248372912407,7.67798483138904e-05,0.34674727056229215,0.34675281221498666,0.3416366005986893,0.34674785634494987,4.234038993539391,4.234042666220553,4.227617263313007,4.2340429459953475
0,down_proj,0.00035953710903413594,0.02802148461341858,0.00035977811785414815,1.3662146383287919,1.3661947963430892,1.3638565547076682,1.3662125226085817,5.382561405073433,5.382555104833464,5.381323467037967,5.382564512671692
1,q_proj,5.1183880714233965e-05,0.02555759623646736,5.118128683534451e-05,1.7222587885175087,1.7223312997322566,1.7209915436887029,1.7222622137218342,5.181558051610046,5.181602947788818,5.181007065163848,5.181560131878606
1,k_proj,0.0007897086907178164,0.018284766003489494,0.0007897093892097473,1.7403628348394484,1.7407402694497751,1.7314775912165414,1.7402491020756414,5.2022218512003064,5.202525869696666,5.200084644700483,5.2021920122048755
1,v_proj,0.00045937972026877105,0.03152771666646004,0.00045938033144921064,0.8536505588872849,0.853609150952455,0.8517865827284663,0.8536479544027904,4.573700936224901,4.573699348016733,4.572249682138795,4.573695501806133
1,o_proj,0.0004406520747579634,0.0276495311409235,0.0004406430234666914,0.6071330813462331,0.6070545968112138,0.6062589383812556,0.6071323209127905,4.391454044117036,4.391379412054376,4.391245970078886,4.391466447930648
1,gate_proj,0.00040286092553287745,0.02777070738375187,0.00040285641443915665,139.46244491600314,139.47168286449508,125.99614554532373,139.45852974725292,12.156460561820584,12.156302423324165,11.97439556919437,12.15679197889867
1,up_proj,0.000246148876613006,0.03266579657793045,0.0002461471303831786,2.7741870330264433,2.7734106122630764,2.382730312974343,2.7745366758726506,6.306842004742226,6.306562624059703,6.1957918004679415,6.30720769207924
1,down_proj,0.00037771312054246664,0.03390241041779518,0.0003777306410484016,2.68865387053378,2.688328310974781,2.6814257966420567,2.6886452944853203,6.161354892490232,6.161354410179455,6.158482644947559,6.16135438789405
2,q_proj,0.00016380332817789167,0.021808139979839325,0.00016380353190470487,0.5114657241984125,0.511423476486026,0.5108318993224568,0.5114657718307862,4.517670884806847,4.517586741616471,4.51661197810919,4.517669640564862
2,k_proj,0.0012195304734632373,0.016835983842611313,0.0012195308227092028,0.8875544294649181,0.8874025042723935,0.8872683363947682,0.8875767844511881,5.00513132738124,5.004634292447218,5.003586289177557,5.005073308114075
2,v_proj,0.0003961770562455058,0.03740387409925461,0.0003961783368140459,0.3571295701341563,0.3571140324974651,0.35591297906418196,0.3571269333482947,4.081045171084835,4.081052011311575,4.082476876454953,4.08107665055497
2,o_proj,9.44729326874949e-05,0.02740938775241375,9.446484909858555e-05,0.6110130445957438,0.611001575676768,0.6099052019374601,0.6110127038811696,4.411084824157621,4.41103255449572,4.409738138549233,4.411083554575484
2,gate_proj,7.3599721872597e-06,0.024470129981637,7.364135399257066e-06,67.10267772345574,67.10245921208409,64.77401366552422,67.10264885234092,9.146876216464848,9.146861446835436,9.095130468631089,9.146875503637835
2,up_proj,3.028860010090284e-05,0.031093765050172806,3.0288165362435393e-05,0.4287579359072861,0.4287365905451088,0.4388780171242102,0.4287885357535716,4.52437921139826,4.524356083217663,4.549764614466049,4.524424682434749
2,down_proj,0.0003154508303850889,0.02905740961432457,0.00031543770455755293,1.473154227523533,1.4730421610306375,1.470160855743589,1.4731516559966684,5.52362690909294,5.523638548050698,5.522473219139426,5.523632675960095
3,q_proj,0.00032393226865679026,0.02207072824239731,0.0003239462967030704,0.5382629086967621,0.5384789052113892,0.537143609447586,0.5382561258498497,4.549764676987651,4.549975919842538,4.548626828102869,4.549760895577781
3,k_proj,0.0009508044458925724,0.017440786585211754,0.0009508105576969683,0.7473441755074187,0.7477433734639758,0.7464543548821817,0.7473617245746361,4.862812404793403,4.863531474643854,4.861396337145918,4.862776907648366
3,v_proj,0.00036817489308305085,0.032154105603694916,0.0003681732923723757,0.6503032283306932,0.6503593779832826,0.6478433757047803,0.6502914641851913,4.609821391284421,4.609897684606892,4.6073013715459075,4.6098062446906445
3,o_proj,0.0003245860862080008,0.025604570284485817,0.00032456073677167296,1.4252516012925904,1.4252951335314605,1.4239350140520484,1.4252532237735227,4.723072832520126,4.723061742516963,4.722392120236358,4.723076160951904
3,gate_proj,0.0003968135279137641,0.02132376655936241,0.000397226307541132,0.3626929564235164,0.36279071293181175,0.3620291661180901,0.3626929406804026,4.116684463426351,4.1169538404611385,4.116380533701115,4.116689748108039
3,up_proj,0.00043841011938638985,0.025151466950774193,0.0004386710643302649,0.5631157962065287,0.5630598786754448,0.5622906386940872,0.563117821782447,4.085172368374911,4.085201784780719,4.085086426155691,4.085181654651345
3,down_proj,0.0008353788289241493,0.026188787072896957,0.0008354732999578118,1.1402594915253665,1.1402502951203568,1.1381298169636815,1.1402587260919648,5.503174523983939,5.5034038839036805,5.502392201187348,5.503196461567562
4,q_proj,0.0013405292993411422,0.021525129675865173,0.0013405311619862914,0.6957226645721372,0.6961830421332353,0.694570558430715,0.6957214778939436,4.7315093619429405,4.732119010829003,4.7304150470903386,4.73150568618688
4,k_proj,0.0007116245687939227,0.01827581785619259,0.0007116275955922902,0.8247387133923041,0.8247324860982346,0.8239008045725147,0.824749022962979,4.662303105617674,4.662159974759433,4.662628167023328,4.662336063918914
4,v_proj,0.0006820540293119848,0.026573998853564262,0.0006820547860115767,0.3078352976320129,0.30782851911532966,0.3074933180943493,0.30783928055244913,4.119911993731209,4.119943659745099,4.1188286704757555,4.119909149205692
4,o_proj,0.0007394212298095226,0.027307698503136635,0.0007393952691927552,0.7332530268773496,0.7332818091919062,0.7320473578725426,0.7332468730403264,4.4778464424126945,4.477950293894984,4.477526743424943,4.477868861840401
4,gate_proj,0.001016636611893773,0.020934907719492912,0.001017021480947733,0.24805925397696948,0.24752058384297823,0.2477568667362558,0.24806060032367122,4.19111330563395,4.18959713834646,4.191014199317354,4.191136446592823
4,up_proj,0.0002973688533529639,0.025167785584926605,0.0002974240342155099,0.28791881112860557,0.28793247526497023,0.28756083223856893,0.28791932521268815,4.049986697998265,4.0500231940386175,4.049755581892698,4.049990503511321
4,down_proj,0.0001850320550147444,0.027151821181178093,0.0001850411354098469,1.2800181227509253,1.279991538442275,1.2776649220051972,1.2800171171341137,5.410754461630751,5.410830738026284,5.409855591862668,5.410758767581165
5,q_proj,8.546072785975412e-05,0.0232473723590374,8.546000753995031e-05,0.6545229895095261,0.654581355117808,0.6537995535001163,0.6545248708595167,4.720574392510828,4.720641264563914,4.720576440295387,4.720579152675975
5,k_proj,0.00021755856869276613,0.02064538560807705,0.00021755840862169862,1.1804292143284612,1.180485401908114,1.1784608420890548,1.1804260332825933,4.733554558371708,4.733555474526502,4.734264105940326,4.7335716548416
5,v_proj,0.00014186710177455097,0.02907351776957512,0.00014186777116265148,0.2972096957806705,0.29719984969068264,0.29739331897773236,0.2972130917709659,4.138104838257818,4.138093057441272,4.14113586933681,4.138124674212604
5,o_proj,0.0006781109259463847,0.02840486913919449,0.0006780977128073573,0.582820434378673,0.5830530315631333,0.5818982836334968,0.5828175220855198,4.397836155274681,4.398046137830134,4.397460214348627,4.397853797747516
5,gate_proj,0.00015390792395919561,0.022090336307883263,0.00015401383279822767,0.31158907914630285,0.31150885737243494,0.3110208422784553,0.31158931464062845,4.193763472636864,4.193552239005132,4.193324954573402,4.193765864629401
5,up_proj,0.0001669973717071116,0.02422921732068062,0.00016718542610760778,0.47318132184480693,0.4731900671680769,0.4726405027192601,0.47318138305620766,4.060775692782321,4.060760644733481,4.0602922590056725,4.060776023668519
5,down_proj,0.00023509831225965172,0.024137716740369797,0.0002354115276830271,1.3144701894635615,1.314375708084069,1.3118265244925864,1.314468590604625,5.344889590593608,5.344940808778483,5.344364654552874,5.344895715115803
6,q_proj,0.00023599698033649474,0.022307440638542175,0.00023599657288286835,0.5270319041362738,0.5269190716607011,0.5261046127102131,0.5270310873686584,4.659711370196763,4.659590778932184,4.658625646918537,4.65971175561576
6,k_proj,0.0017543513095006347,0.01834937371313572,0.0017543479334563017,0.9128472285708044,0.9122708037091334,0.9131437895363783,0.9130348487856932,4.63405310046509,4.633328910306976,4.634445653887209,4.634157768703351
6,v_proj,0.00106660311575979,0.027085762470960617,0.0010666113812476397,0.2958173419287451,0.29581777922893265,0.295225060613203,0.29581139017414315,4.210145036415277,4.210254662558886,4.208963441147219,4.210139540360354
6,o_proj,6.154143920866773e-05,0.026948561891913414,6.153995491331443e-05,0.6271580833149074,0.6271590960135145,0.6262489655307762,0.6271578731140727,4.402893873017778,4.402901423503031,4.402637341247121,4.40289560242925
6,gate_proj,0.00023934802447911352,0.021419160068035126,0.00023934588534757495,1.0454184972401204,1.0458194281837014,1.044156903871283,1.0454207050722748,4.939680930168749,4.940697460502208,4.939275473680503,4.939686250495841
6,up_proj,3.893453686032444e-05,0.02606200985610485,3.895238842233084e-05,0.5259491839229025,0.5259476419869202,0.5252407577732974,0.5259493141825654,4.181654685316276,4.1816570661735755,4.181208610885508,4.18165515358083
6,down_proj,0.00018129254749510437,0.026304516941308975,0.00018138400628231466,2.166116643773872,2.165994731838914,2.1597230431747816,2.166116803384594,5.339592080657072,5.339578172758506,5.338564565447101,5.339595235375346
7,q_proj,0.0003150849661324173,0.024626363068819046,0.0003150788543280214,0.5997892981578808,0.5997752487366425,0.5980099689383855,0.5997836117161919,4.711438205656157,4.7113801112922955,4.709203056147146,4.711427688380349
7,k_proj,0.0003443567838985473,0.023636607453227043,0.0003443577152211219,1.0473600999533828,1.0476236456085104,1.044282181924547,1.047355507003038,5.101555911825212,5.101798794398876,5.099566544966712,5.101557106462188
7,v_proj,0.001168908434920013,0.023198110982775688,0.001168914488516748,0.6407787455516627,0.6407797148896198,0.6401064278961679,0.6407782366212138,4.665958350495293,4.666056996804501,4.664929399432096,4.66595882520609
7,o_proj,0.0010386270005255938,0.02397993952035904,0.0010386535432189703,0.7552586803212451,0.7542819475024333,0.7540572395675241,0.7552507614668353,4.562306079887994,4.5611118350746835,4.561102389416747,4.562294742063469
7,gate_proj,0.0002901094558183104,0.02345949411392212,0.0002902845444623381,0.7998963423285584,0.8000199368834715,0.7987568750847999,0.7998960782184149,4.352947534542201,4.353305942781013,4.3528416329745765,4.352956127612866
7,up_proj,0.0007333321846090257,0.024939196184277534,0.0007334053516387939,0.6331809808267248,0.633177705554156,0.6323286453117675,0.6331819315499213,4.26011471542312,4.260015053345627,4.259861811003745,4.260126209454426
7,down_proj,0.00022564679966308177,0.024966256693005562,0.00022585262195207179,1.9156916226234115,1.9158846697744658,1.9109022924393837,1.9156850655699704,5.414431353886153,5.414505092523945,5.413035494965741,5.414430777027893
8,q_proj,0.0006600457709282637,0.023038025945425034,0.0006600301712751389,0.7023882630779504,0.7024782299812443,0.7014437900572117,0.7023984557914691,4.838097756397851,4.8382693545630735,4.836971335806388,4.838098620163359
8,k_proj,0.001008561346679926,0.022623658180236816,0.0010085590183734894,1.1476016276587695,1.1479375468132913,1.1452206423828453,1.1476491175948798,5.066587331953709,5.0671810282887115,5.063158751870296,5.066540941747666
8,v_proj,0.0004891993012279272,0.028005028143525124,0.0004892008728347719,0.3317765193735696,0.3318025644166277,0.3310504438615761,0.3317739661473897,4.176537850051197,4.176596138405056,4.176294036195254,4.176553623277496
8,o_proj,0.00019618224177975208,0.02651708573102951,0.00019618950318545103,0.7411745179598859,0.7412420657145125,0.739984286388461,0.7411737528132062,4.556740891344598,4.556847393509341,4.556057514679382,4.556744289683506
8,gate_proj,7.85275551606901e-05,0.02394244074821472,7.861282938392833e-05,0.6233924486005901,0.6234336204240206,0.6223041952859616,0.6233923740853148,4.3227630529559615,4.322886895442966,4.3223340143094875,4.32276441234054
8,up_proj,0.0004176186048425734,0.02448432333767414,0.0004177797236479819,0.473700301976751,0.4737100268911601,0.47313357112703525,0.47370146690935494,4.1745667954895875,4.174618845914953,4.1743984522014745,4.174574436284032
8,down_proj,0.0006371011841110885,0.02465801313519478,0.0006376704550348222,1.9523933198426044,1.9518487751229625,1.9484077472736447,1.9524069648152025,5.445022847953191,5.444864355219413,5.444375898541145,5.445041470936493
9,q_proj,0.0004185581929050386,0.023321937769651413,0.000418503419496119,0.7407770670244765,0.7409858748513132,0.7396544469913868,0.7407787698014003,4.871527310188699,4.871776701211114,4.870751910091441,4.871535667502317
9,k_proj,0.0007072789594531059,0.022036908194422722,0.0007072766311466694,1.0669093075609803,1.0663073068277806,1.0654044855369975,1.0669185152664111,5.154971339096621,5.154254338513421,5.154085889274064,5.154986163165634
9,v_proj,0.00011944784637307748,0.022282976657152176,0.00011944822472287342,0.4813326986344589,0.48134217094330534,0.48084335384182714,0.48133262610816707,4.323514697771254,4.323542152866588,4.325543861876087,4.323528756243841
9,o_proj,0.0006748150335624814,0.02420477755367756,0.0006748131127096713,0.7348997769932577,0.7342833233818642,0.7336029222335735,0.7348957863201092,4.561311597097104,4.5607067496327245,4.5598726657153295,4.561303807584624
9,gate_proj,0.0003094139392487705,0.021977046504616737,0.0003095287538599223,0.4724845505578755,0.47226482040498136,0.471929521885999,0.4724880614450171,4.320073909821864,4.319298809419927,4.319670898275627,4.320079253248494
9,up_proj,0.00029355555307120085,0.026641052216291428,0.0002935549127869308,0.30523606377580437,0.3052252343054541,0.3048254371430028,0.3052370096880745,4.06563030839785,4.065621673637519,4.065489408677148,4.065636327041124
9,down_proj,0.00033113034442067146,0.02705988846719265,0.0003313063061796129,1.7576103420576448,1.7574760583415912,1.7513945153429462,1.7576016793048725,5.284672960774088,5.284643542490902,5.283224937216724,5.284677766288042
10,q_proj,0.0011456911452114582,0.023167256265878677,0.001145648187957704,0.7464369366531679,0.7463008286543837,0.7446009159413182,0.7464200785028342,4.717747068660542,4.717461321944812,4.716746663869576,4.71776053176842
10,k_proj,0.0004877601459156722,0.019978469237685204,0.00048775991308502853,0.7611243933760099,0.7608628300500545,0.7599720600427752,0.7611357201902149,4.808120890650242,4.807890842867682,4.806691361321307,4.808114948276377
10,v_proj,0.0012163884239271283,0.025455564260482788,0.0012163891224190593,0.36170448206160494,0.36174836840596714,0.36129201116450493,0.36170849030757335,4.17271906535942,4.172879061134406,4.173351601080881,4.1727853734854445
10,o_proj,8.97529607755132e-05,0.025262488052248955,8.975114906206727e-05,0.7730927903992921,0.7731162075787904,0.7721552480763975,0.7730927540847112,4.5245781832124585,4.524581714374608,4.523654465405535,4.524578045690075
10,gate_proj,0.00018440613348502666,0.023283036425709724,0.00018441140127833933,0.7541041848331457,0.754172637080586,0.7529333342493627,0.7541039526749601,4.241301609124285,4.241471268163995,4.2407758960226145,4.241303153568242
10,up_proj,0.00038903733366169035,0.024957705289125443,0.00038903692620806396,0.5706443044346482,0.5706258361374809,0.569641577252698,0.5706417422918078,4.196812153718807,4.196766385912608,4.196682234829523,4.196820573156233
10,down_proj,5.2523384511005133e-05,0.024864746257662773,5.254113057162613e-05,1.5916403044994893,1.5916767108948247,1.5862147441384482,1.5916386305756458,5.385073927819355,5.385105338802158,5.383637091823495,5.385073950053811
11,q_proj,0.0005748126422986388,0.022232647985219955,0.000574744597543031,0.649443255222777,0.6494716768372985,0.6479279278376032,0.6494352399914065,4.685751359252123,4.685852059321738,4.684744380801002,4.6857600868345655
11,k_proj,0.0010195409413427114,0.020922662690281868,0.001019542571157217,0.937159212629495,0.937730973416454,0.9366003400248935,0.9372326404902578,4.876739345437571,4.8774181234175265,4.875270551849429,4.8767332320114845
11,v_proj,0.00014304943033494055,0.027743857353925705,0.0001430497650289908,0.35481209181970474,0.3548174195967203,0.3541351253495148,0.3548119594027551,4.2614862330059555,4.261508106059958,4.260353436762351,4.261485220402849
11,o_proj,0.0003918098518624902,0.026691526174545288,0.0003918231523130089,0.5555761558092044,0.5554722946506806,0.5546365034635824,0.5555758958579939,4.444494879435909,4.444401135678667,4.443967163752148,4.444502446382024
11,gate_proj,0.00021271381410770118,0.02360217086970806,0.00021287225536070764,0.460207364683693,0.46028949292284155,0.4596764564693132,0.4602086349491209,4.230602656189468,4.230771627048238,4.230347155923847,4.23060693813812
11,up_proj,2.0255552954040468e-05,0.025044819340109825,2.0277411749702878e-05,0.39839633413338077,0.39839430198268166,0.3978978088825445,0.39839636117150923,4.18788835702673,4.187885079309576,4.187632056709255,4.187888730113004
11,down_proj,0.00017388675769325346,0.025020018219947815,0.00017396787006873637,0.6140112835419831,0.6139594923407107,0.6125835509127494,0.6140117170030907,5.087526356294466,5.08747515313003,5.086878009015414,5.087530810899277
12,q_proj,0.00013067755207885057,0.024411486461758614,0.0001306816266151145,0.663742307169767,0.6637636404996236,0.6622248963596936,0.6637416337001697,4.772903973665968,4.772955279245169,4.771270772755709,4.772903306457342
12,k_proj,0.0004878123290836811,0.02111842669546604,0.00048781203804537654,1.2075213724464482,1.207181931828452,1.203262534414144,1.2075003838435805,5.182845630385561,5.1824072604540685,5.180171141213144,5.182834559110118
12,v_proj,0.00017743222997523844,0.026523366570472717,0.00017743240459822118,0.5091467430154739,0.5091547346560266,0.5088076414378624,0.5091498054954852,4.345635631086977,4.345652950982494,4.346915416940686,4.345653497633044
12,o_proj,0.0005266509251669049,0.026056693866848946,0.000526650168467313,0.3302202839832858,0.33019323115707644,0.32975535367725717,0.3302224471931293,4.235620594577358,4.235587160194198,4.234650194819193,4.235617115398612
12,gate_proj,0.00019419027375988662,0.02434719167649746,0.00019420044554863125,0.8660934619043306,0.8660333949902911,0.8644243418661548,0.8660901115932091,4.357128288216818,4.356961819906561,4.356863717355756,4.357132281115654
12,up_proj,0.00019774719839915633,0.02395319752395153,0.00019778213754761964,0.6211372279637604,0.6211326185989566,0.6203104081994594,0.6211364010023882,4.30926099225834,4.309295983376144,4.308902795671016,4.309264287880869
12,down_proj,0.0002632258110679686,0.02390516735613346,0.0002632253454066813,2.4513407345606004,2.45107409294646,2.4459847022341847,2.451333952704504,5.826590868749016,5.826423325040465,5.826582665215169,5.8266068669122495
13,q_proj,0.0007002703496254981,0.024138662964105606,0.0007002985221333802,1.1311387473020846,1.1316204002695938,1.1297161219806264,1.1311388384488041,4.973315614904243,4.9736974366037625,4.972428599799037,4.973329629486931
13,k_proj,0.0014115560334175825,0.021099284291267395,0.0014115547528490424,1.307784929226958,1.309035024306905,1.3038805115334724,1.3077349292529141,5.2331757846172,5.234340341839186,5.230635836831203,5.23311637608429
13,v_proj,0.0012756303185597062,0.02494257129728794,0.0012756349751725793,0.8773047083902349,0.8771727019567754,0.8758456849119178,0.8772959223021415,4.971803817444886,4.971546705242348,4.969347611654903,4.971744093807625
13,o_proj,0.0007501406944356859,0.02480042725801468,0.000750145351048559,1.1246458042549343,1.1251628216153706,1.1230967052575276,1.1246450897171316,4.732447868218254,4.732793643872192,4.73191875765375,4.732469604784954
13,gate_proj,0.0006117703742347658,0.023396234959363937,0.000612315721809864,1.0911419890687608,1.0909731314983837,1.0893928366558459,1.091141214613668,4.402129134608667,4.401598078966636,4.401764159946081,4.402141605387505
13,up_proj,0.0002783643431030214,0.024703767150640488,0.000278380059171468,0.8243636008044721,0.8243609700279182,0.8230607235621452,0.8243621972618935,4.3116848857178915,4.311736352285297,4.311187802523027,4.3116878290787275
13,down_proj,0.0005871267057955265,0.024595554918050766,0.000587320129852742,2.2079003246754603,2.2074650857240963,2.204727368829261,2.207920693556063,5.618445402190834,5.618172562644367,5.6175521166605416,5.618460662598055
14,q_proj,0.0005542913568206131,0.02468760684132576,0.0005542730796150863,0.9252460066777629,0.9250021349628698,0.9237153588073228,0.9252447903099404,4.944251434459303,4.943930692352071,4.943030747569962,4.944256757092794
14,k_proj,0.00018269209249410778,0.021644316613674164,0.00018269233987666667,0.9376177000868113,0.9376645834916774,0.9364288876938767,0.9376204481178828,4.940654472955176,4.940744887724323,4.939670346430315,4.940663511490306
14,v_proj,0.00014237950381357223,0.027354001998901367,0.0001423803041689098,0.7760628235638805,0.7760868773298636,0.7746981447630397,0.7760641248950297,4.635864899225394,4.63587861960869,4.636045368383714,4.635874238801076
14,o_proj,0.0006755398353561759,0.02662230096757412,0.0006754894275218248,1.0216565899680514,1.0209936932425905,1.0198936104301042,1.0216551832371459,4.88554566116042,4.884877736981638,4.884333456920483,4.885550458022203
14,gate_proj,0.0002406232088105753,0.023829879239201546,0.00024075210967566818,1.3736144837856885,1.3735715929332528,1.3709880413932813,1.3736151136236134,4.475176705602994,4.474980922209903,4.475155938863357,4.475185372910668
14,up_proj,0.00038038662751205266,0.024409117177128792,0.0003803848521783948,1.129466455490719,1.1294143756724633,1.1274981180194528,1.1294634466836633,4.441267845981945,4.441320776288963,4.440742340614191,4.441271900621612
14,down_proj,0.0006576853920705616,0.023814454674720764,0.0006585688097402453,2.5936867042261946,2.5930402517011855,2.58828408205186,2.593671611434175,6.046941705878619,6.046428734364897,6.045801867022793,6.046953381315654
15,q_proj,0.001138174207881093,0.024128522723913193,0.0011381350923329592,1.0630114179701133,1.0627998283201927,1.061443936485941,1.0630162510057855,4.940620997741134,4.940829093630929,4.939000259836595,4.940611867739072
15,k_proj,0.00046805207966826856,0.021358957514166832,0.00046805207966826856,2.1092237808375174,2.1090561777871155,2.107469083480657,2.10924120053092,5.18270816493885,5.182826166169839,5.181589678163425,5.182713547303503
15,v_proj,0.0005378264468163252,0.02670683152973652,0.0005378291825763881,0.450176130581061,0.4501874339599282,0.44938298673478416,0.4501728398066996,4.437037451342773,4.4370751080716255,4.4359386869215855,4.437034993231925
15,o_proj,0.0009158790344372392,0.02566996030509472,0.0009157905587926507,0.5531779087747898,0.5528030191536509,0.5523670342215226,0.5531786006436997,4.4541370677170775,4.453734303949692,4.453265618154352,4.454143677394164
15,gate_proj,0.0001956092455657199,0.02368275821208954,0.00019562133820727468,0.9858343509318027,0.9858956025919952,0.9840588276144044,0.9858332392110151,4.510277774510105,4.5104534924637445,4.509610847331245,4.510279951032839
15,up_proj,0.00029415887547656894,0.024106206372380257,0.0002943080326076597,0.7900423130643048,0.7900426034895426,0.7890052133508082,0.7900438714902965,4.431526620915943,4.431476398830341,4.431428583904398,4.431535038069598
15,down_proj,0.0001389598910463974,0.023083727806806564,0.00013897116878069937,1.3002029032224447,1.3001173174176854,1.2986593055583704,1.3002030811818384,5.414959196287048,5.414883576562703,5.414653224306009,5.414964474510597
16,q_proj,6.814077642047778e-05,0.024770617485046387,6.814137304900214e-05,0.6652557542094909,0.665255442587348,0.6638564918960851,0.6652554153989024,4.645153530433559,4.64516987972681,4.644035138028393,4.645154300744372
16,k_proj,0.0003445903130341321,0.022542962804436684,0.00034459048765711486,1.0674345961714191,1.0676215198302108,1.0653395263550096,1.0674260309382242,4.9698684218087585,4.97005571900878,4.970234766715187,4.969904421362761
16,v_proj,0.001405345625244081,0.024393757805228233,0.0014053460909053683,0.3849235412075112,0.38480534783631837,0.3844965596524625,0.3849227128441519,4.292523248116165,4.292525241992076,4.29129904007274,4.292499921637273
16,o_proj,0.00030105214682407677,0.024579839780926704,0.000301024760119617,1.1786879148471223,1.179305129909507,1.1765652575581629,1.1786854162557365,5.077812294896943,5.0783007877057225,5.076734732910053,5.077816814412
16,gate_proj,0.0006239334470592439,0.02410702593624592,0.0006244546384550631,0.6878430835687356,0.6880154691313887,0.6866606989149641,0.6878390722972019,4.339689616494449,4.340159939236831,4.339482605242991,4.33970451073078
16,up_proj,0.00019403008627705276,0.023788077756762505,0.0001940478541655466,0.4846962675932913,0.48470978804738307,0.4840803315642875,0.48469600332299634,4.277762473325813,4.277802819469275,4.27747179940187,4.277766046057183
16,down_proj,0.0002467124431859702,0.023621780797839165,0.00024678825866431,0.9606425786163594,0.9605120142310634,0.9592670298241791,0.9606418500785866,5.338365077757836,5.338246410654032,5.338233466333812,5.338376752613844
17,q_proj,0.0007447840762324631,0.023654576390981674,0.0007447778480127454,0.6971415548140456,0.6970545300195023,0.6959380197436879,0.6971398018752557,4.689246979980096,4.6893347635588025,4.687752142593554,4.689238909226965
17,k_proj,0.0008009541779756546,0.024484878405928612,0.0008009563316591084,0.8295023148931933,0.8295218553800777,0.8282697673282354,0.8295203521211099,4.735632008723386,4.735690514155047,4.735499999659264,4.735691920261978
17,v_proj,0.0009299738449044526,0.025437157601118088,0.0009299778030253947,0.6209409245436952,0.6211070346360332,0.6197179600221263,0.6209248058725945,4.485575495707604,4.485731306772962,4.483998180936998,4.4855636862206385
17,o_proj,8.49706120789051e-05,0.025295766070485115,8.496459486195818e-05,1.2381556831009168,1.2382855760503395,1.2360955859528109,1.2381555029199187,5.002024822683398,5.002120111307268,5.001132345468499,5.002027096651064
17,gate_proj,0.0007390197715722024,0.02530381642282009,0.0007390396203845739,0.688429114702361,0.6881608110405979,0.6872757073097083,0.6884322378353668,4.419149644247158,4.418447475444815,4.418979076540251,4.419169067645601
17,up_proj,0.00018490485672373325,0.02342967875301838,0.00018490436195861548,0.5671666087963821,0.5671709940523035,0.5664914497803332,0.5671667554133516,4.308116434814897,4.308146390166213,4.307770181135897,4.308119501271672
17,down_proj,7.954514876473695e-05,0.02341144159436226,7.96241220086813e-05,1.3786161990009624,1.3786665168648355,1.376266671218985,1.3786172298184438,5.714792898671831,5.7148443006237795,5.714157264317929,5.714795833438062
18,q_proj,0.0005991703947074711,0.024685807526111603,0.0005991134094074368,1.965261555210723,1.9652239210755,1.9587897510963492,1.9652932091049102,5.080020775199579,5.079800590732627,5.078593264279426,5.080031236880033
18,k_proj,0.0016788176726549864,0.023125866428017616,0.0016788215143606067,0.9348741537675898,0.9339901848171307,0.9336794647643891,0.9349012379485128,4.916454835325445,4.915440651652061,4.9164136710070405,4.916536146454876
18,v_proj,0.0004519874055404216,0.021963438019156456,0.0004519897629506886,0.6565143037228061,0.6566188532514605,0.6559601037795074,0.6565174880515352,4.538968378968747,4.539095211925726,4.537735614136617,4.538958892142595
18,o_proj,0.0006733927875757217,0.02301687002182007,0.000673356931656599,1.2986754995966554,1.296205674172652,1.2968576828236487,1.2986696866043441,5.447858027433514,5.444914604333475,5.446868832943433,5.447873398217723
18,gate_proj,0.00040020988672040403,0.024246925488114357,0.0004002356727141887,1.2118148396495756,1.2117229287746718,1.2096847849243921,1.2118146694018967,4.56366493044109,4.563367357943437,4.563054839777067,4.563669739336225
18,up_proj,7.07337967469357e-05,0.02284107729792595,7.07598592271097e-05,0.7228340437007916,0.7228374979262632,0.7219252863795911,0.7228341626616076,4.399627978080774,4.399621700645462,4.3994451513432296,4.399629734794598
18,down_proj,0.00039148639189079404,0.023285022005438805,0.0003915454144589603,1.6745618587839404,1.674901438618657,1.672740393814953,1.6745626261189401,5.57370261862905,5.573936507591158,5.572981505024257,5.573711657491265
19,q_proj,0.0012987738009542227,0.024298375472426414,0.0012986530782654881,1.1023669454656622,1.1019627043242466,1.1005833567424463,1.102357481716353,4.954426936456392,4.953793538946827,4.953258174644352,4.954435240515833
19,k_proj,0.002022656612098217,0.02616499923169613,0.0020226675551384687,1.2329182109867776,1.2322600221091937,1.2294835028757483,1.232834639545143,5.032473929544663,5.03146625801751,5.02900465880293,5.032357361932131
19,v_proj,0.0012588348472490907,0.02113969810307026,0.001258844044059515,0.8031565530935537,0.8029952340210531,0.802501126024735,0.8031594258394668,4.782275097450263,4.7822513993032665,4.782648925212436,4.782348592656222
19,o_proj,0.0010790638625621796,0.023549027740955353,0.0010790227679535747,0.7100244649547036,0.7092648903963923,0.7091851903311129,0.7100226874242672,4.562047355196232,4.561277876826796,4.561177661519182,4.562050394470233
19,gate_proj,0.00044428560067899525,0.023714080452919006,0.0004446598468348384,0.8360782918592815,0.8362556855505843,0.8349498745645197,0.8360760300237604,4.4240315434507504,4.424484326015025,4.4235932952104315,4.424038504400985
19,up_proj,0.0006585814408026636,0.02246321365237236,0.0006589308613911271,0.4566735787359115,0.45673307016254105,0.45606462728475905,0.45667211975473965,4.266705669712687,4.266892520014104,4.266496633423321,4.266718402243903
19,down_proj,0.0005411494639702141,0.022991646081209183,0.0005411420133896172,1.6699893168786448,1.6696306657642437,1.667398144208314,1.6699967892944731,5.522768501599543,5.52257544900038,5.522016305310347,5.522782199843852
20,q_proj,1.7521057088742964e-05,0.024214521050453186,1.7519814718980342e-05,0.5079631372484634,0.507960750462459,0.5069010328632796,0.5079632558044206,4.591493833272404,4.591488092763013,4.5905154275351805,4.591494123136873
20,k_proj,0.0007399865426123142,0.02352791465818882,0.0007399855530820787,0.8830544120965965,0.8829225603660009,0.8811305037376839,0.8830453515749181,4.7841070894359765,4.784171164713456,4.784194338365955,4.784149997914566
20,v_proj,8.667966903885826e-05,0.02023337222635746,8.667909423820674e-05,0.7139098450285322,0.7139068065206948,0.7137102866964867,0.7139114939935436,4.6242336759330005,4.624240501861031,4.624649513058779,4.624239199566276
20,o_proj,0.00012670003343373537,0.02296161837875843,0.00012669998977798969,0.5323375740275567,0.5322876977625499,0.5316722140267679,0.5323374566159765,4.459906219945749,4.459829444688571,4.459622343637699,4.459910194855911
20,gate_proj,0.00038866614340804517,0.023372303694486618,0.0003886563063133508,1.4452219771565589,1.445139505872551,1.4429643950315363,1.4452168424282057,4.5569372547104585,4.5566859682947864,4.556488724653385,4.556943096177995
20,up_proj,0.00012143633648520336,0.02245870605111122,0.00012144752690801397,1.2023924130116403,1.2023937010014607,1.2007978069983565,1.2023917449840005,4.3678174520224085,4.367847113220172,4.367676671185022,4.367820674507889
20,down_proj,0.0004267269396223128,0.022336404770612717,0.00042696853051893413,3.1376550756313173,3.1381882484472876,3.130616551755204,3.137631919856997,5.592496044308932,5.592689066432242,5.591973624020163,5.5925117414328
21,q_proj,0.0005940393311902881,0.023910855874419212,0.0005939873517490923,0.8933591465098131,0.8933267211289813,0.8919247577046756,0.8933610978628203,4.769317684860715,4.769055763115714,4.768616716699883,4.769334324060698
21,k_proj,0.000950441462919116,0.02646559476852417,0.000950441462919116,1.2169190635239968,1.2163528634081897,1.2132598788449862,1.2168965966908223,5.2186107860107995,5.218027835209714,5.218818210257702,5.218696275196713
21,v_proj,0.001215962111018598,0.018395140767097473,0.0012159557081758976,1.2687171633466208,1.2687863812714182,1.2678862604671184,1.2687141900133252,5.111549760176361,5.111643153099346,5.11086223351624,5.111555573776237
21,o_proj,0.00101235241163522,0.021539149805903435,0.0010123426327481866,1.2232635386649184,1.222746181093447,1.2222599000452452,1.223266576053111,4.941548041956318,4.940998552189703,4.941562672136407,4.941592224951378
21,gate_proj,0.00021833654318470508,0.02290097251534462,0.00021850421035196632,1.362305443402495,1.3623320493271454,1.3596761668168589,1.3623012214458676,4.440793863195384,4.4409235123143365,4.440527041587641,4.440798959844705
21,up_proj,6.631988799199462e-05,0.02181495912373066,6.631288124481216e-05,0.7544239679510932,0.754424035432713,0.7533015828459887,0.7544234800240471,4.233649623826866,4.23365875755748,4.233407916126193,4.233650826757247
21,down_proj,2.6096124202013016e-05,0.02236642688512802,2.6104909920832142e-05,2.4423839164438546,2.4424101259228315,2.4382437990716928,2.4423851850305645,5.4712239217884076,5.47123177081681,5.470532549930196,5.471224652385887
22,q_proj,0.00013474626757670194,0.02325093373656273,0.00013474849401973188,0.9353120603849296,0.9352826950437951,0.933314651126439,0.9353107351407122,4.773876593100115,4.773899868132637,4.772760479267112,4.773878228184221
22,k_proj,0.0007123586256057024,0.027321450412273407,0.0007123593240976334,1.0826087304132685,1.0827928142165764,1.0799470512646794,1.0825961735473033,4.933737369099155,4.933765527550213,4.9336758208655525,4.933780282916494
22,v_proj,0.000471326318802312,0.019313016906380653,0.00047132474719546735,4.478826325434725,4.479824839802847,4.474375986750387,4.478824891050612,6.039258306156148,6.039499141847319,6.037759825883649,6.039248125725008
22,o_proj,0.000499721965752542,0.021661320701241493,0.0004997162031941116,0.503615276669805,0.5036176918201792,0.5032461488420664,0.5036178983324406,4.2871565449389495,4.287153182163301,4.286327275511886,4.287154509055127
22,gate_proj,0.0005955852102488279,0.02286442741751671,0.0005958590190857649,1.0256712367707066,1.0257776498307152,1.0242391249582419,1.0256707397261218,4.388216635278903,4.388516278734631,4.387722341021997,4.38822314418281
22,up_proj,1.4363155059982091e-05,0.021719759330153465,1.436916681996081e-05,0.6710846722876496,0.6710851732554544,0.6701413400132743,0.6710846556063107,4.2028663142384035,4.2028687036691545,4.202378807271056,4.202866380684419
22,down_proj,0.000260486121987924,0.022039638832211494,0.00026044162223115563,2.4090967100553677,2.4088429653564924,2.403734805922111,2.409092984660134,5.543845087807861,5.543793073450644,5.542954351384152,5.543849056915543
23,q_proj,0.00038732963730581105,0.022879930213093758,0.00038730769301764667,0.7109551247946305,0.7109830156457401,0.7098644986967579,0.7109574454988158,4.624496830876395,4.6246683570949525,4.623749302170447,4.624501624944151
23,k_proj,0.0001870327687356621,0.02646758034825325,0.00018703285604715347,1.3641367530711255,1.3641641124336787,1.3632945595374935,1.3641464567545054,5.112780995269468,5.112748330916482,5.112637615328371,5.112791350841741
23,v_proj,8.567202894482762e-05,0.01886126585304737,8.567220356781036e-05,4.317932478656225,4.317811969662529,4.313150337946889,4.317929440543937,6.669480612374364,6.669438655992672,6.6691917532022185,6.669485230336768
23,o_proj,0.0004787420039065182,0.021288661286234856,0.00047874433221295476,1.0550738834057942,1.0550653623356145,1.053809848116263,1.0550692557172296,4.462883165221126,4.462833614824409,4.463014973257964,4.462902374222759
23,gate_proj,0.00026156395324505866,0.022585926577448845,0.0002615333942230791,0.40660440724585656,0.4066461632728703,0.4060912811000266,0.40660390750813963,4.147520243546644,4.147642707766282,4.147083207210097,4.147522028146823
23,up_proj,3.010224099853076e-05,0.022456204518675804,3.010619002452586e-05,0.26489796775380303,0.26489662791665197,0.26451177098334866,0.2648979418232642,4.0422403131306055,4.042235917276827,4.042093260849013,4.042240865415065
23,down_proj,0.00024366332218050957,0.022162118926644325,0.00024367286823689938,1.079821623180092,1.079749385479088,1.0773939989664076,1.079822548132514,5.280742941619806,5.28070456785709,5.279937676229094,5.280749255473355
24,q_proj,0.0008138705161400139,0.024741649627685547,0.0008138373377732933,0.816027438255003,0.8161275985604332,0.8138432495182094,0.816011478110316,4.745427996395104,4.745790335389215,4.743718938105071,4.745414821865774
24,k_proj,0.0018499699654057622,0.027348821982741356,0.0018499703146517277,1.1610488282750402,1.1601871107543409,1.159557382361013,1.1610983784867321,4.933348867645234,4.933283892235011,4.933712267444674,4.933482527097507
24,v_proj,0.0007269759080372751,0.016984781250357628,0.0007269768975675106,2.36333735449399,2.361957467552563,2.3624829612519695,2.363366219133348,5.841812196665341,5.841096232844826,5.841539098181755,5.841830649866745
24,o_proj,0.0008353142766281962,0.0204547680914402,0.0008352746954187751,0.32996938103098206,0.33017535847208734,0.3297057187871713,0.32996992450751667,4.198581009224027,4.198956466965278,4.198961915412847,4.198623505475929
24,gate_proj,0.0002761250361800194,0.023345425724983215,0.00027613522252067924,0.2972488632010675,0.29719332554387756,0.29680586133119535,0.29724841368129107,4.061271316250474,4.06113753024093,4.061121362381543,4.061276259623711
24,up_proj,6.975288852117956e-05,0.021333297714591026,6.975929863983765e-05,0.259248655308577,0.259257527358406,0.258927194177844,0.2592486276534386,4.021230439538902,4.02125188066972,4.0211020535485735,4.021231696546775
24,down_proj,2.944064181065187e-05,0.021775223314762115,2.9446648113662377e-05,1.2044675008014754,1.2044553840387862,1.2017250386430312,1.2044689858789925,5.4074435120604045,5.407439326579364,5.406939793256789,5.407444812345034
25,q_proj,0.00026035329210571945,0.024629874154925346,0.0002603474713396281,1.212603703040293,1.2125804733028234,1.2090949493326646,1.21259889857398,4.882686039219363,4.882526172446709,4.8813425206559105,4.882688570947051
25,k_proj,0.001504128216765821,0.030697857961058617,0.0015041307779029012,2.85810410771375,2.857275632960789,2.848197743324008,2.858059736021456,5.783148761926525,5.783484850252284,5.781308818291075,5.78323377848443
25,v_proj,0.0006409275229088962,0.015739910304546356,0.0006409293273463845,4.337254279210847,4.337338573921805,4.334431480498661,4.3372536004751225,6.468362974571729,6.468436498361893,6.468021178674895,6.468386809559447
25,o_proj,0.0008689304813742638,0.019743990153074265,0.0008689264650456607,0.4446330062561416,0.4444831391832548,0.44408472498504664,0.44462830578713824,4.266355316714358,4.266206072110367,4.266138051479946,4.266367457262599
25,gate_proj,0.0003192212025169283,0.022798914462327957,0.0003194491728208959,0.35400699337437136,0.3540501881737231,0.3536322466313226,0.35400825875938474,4.061315495034617,4.061445408408348,4.061268013812188,4.061323211670276
25,up_proj,0.0001046909746946767,0.021142829209566116,0.00010476513125468045,0.36702055704547093,0.3670247488093008,0.3663686253854618,0.36701960468518396,4.030787990645634,4.030826792388736,4.0306886113617795,4.030789779171004
25,down_proj,0.00043136620661243796,0.022054040804505348,0.00043189694406464696,1.012826615940897,1.0129168048972803,1.0093625335545713,1.0128254208940815,5.393818332486875,5.393869735960188,5.392468134379295,5.393822314550039
26,q_proj,0.0008162801968865097,0.025590963661670685,0.0008162918384186924,1.4740472620915699,1.4741055068478663,1.469342370941878,1.4740163761492338,5.1780508891114385,5.178695714267308,5.176737012550901,5.178069137189154
26,k_proj,0.0012486513005569577,0.029394378885626793,0.001248649787157774,2.556409998092059,2.5560424275240257,2.546804680199382,2.5562804288364465,5.704667231941118,5.704967475101101,5.698320368551914,5.704477574468138
26,v_proj,0.0010854911524802446,0.01263459399342537,0.0010854946449398994,2.7748351640666824,2.774845659576603,2.7738312389344157,2.774843124701351,6.426508260795218,6.426338870720186,6.425954688771167,6.426509572775412
26,o_proj,0.00023334298748522997,0.018145395442843437,0.00023333824356086552,1.0735709766839165,1.0735589612023244,1.0722009366423897,1.0735647684362484,4.439511263927797,4.439625702324695,4.438934837483543,4.439511778157637
26,gate_proj,0.0004542156821116805,0.02296803891658783,0.0004545989795587957,0.3069631130390204,0.3068349904078123,0.3065438440771714,0.3069636008843901,4.131712066187295,4.131341820538718,4.131599384714065,4.13172260658671
26,up_proj,0.00020050765306223184,0.02106289751827717,0.00020060411770828068,0.3395054909710482,0.3395053931804812,0.33884809626602463,0.33950403228345355,4.021907898751013,4.021852224541405,4.021787926836297,4.021911834075194
26,down_proj,0.0007771732052788138,0.0303011666983366,0.0007772664539515972,1.1055831132884588,1.1061054688342333,1.09958806888709,1.1055307233488123,5.3538733776557255,5.353952206036692,5.351792522952095,5.3538742579664484
27,q_proj,0.0013217435916885734,0.02333856374025345,0.0013216569786891341,0.7863801488092834,0.7867429627168294,0.7848793227039729,0.7863565990932125,4.697252508365648,4.697897606561274,4.6966596651650585,4.697277771983598
27,k_proj,0.001509108580648899,0.028296422213315964,0.0015090995002537966,1.56889018082141,1.5690982962356368,1.5662000572392796,1.5689499505444016,5.185830999741452,5.1862918668627325,5.182782464593801,5.18578568634099
27,v_proj,0.0010795473353937268,0.014074557460844517,0.0010795437265187502,2.497094899414457,2.500342473786322,2.4964493542662547,2.4971107429484887,6.446783268390789,6.448451675994281,6.446365552915622,6.44679066738126
27,o_proj,0.00041042049997486174,0.024028440937399864,0.00041043039527721703,0.8818261937944473,0.8818104489100668,0.8804312113229079,0.8818202411980759,4.390973786309079,4.390824563185504,4.390279721114632,4.390979386235693
27,gate_proj,0.0001469078561058268,0.02194402553141117,0.00014696001017000526,0.18924267120349778,0.1892791231115263,0.18905320750028484,0.18924290601894495,4.096085376930739,4.096202364846616,4.095811032187003,4.096087480288944
27,up_proj,0.000665552681311965,0.020811304450035095,0.0006654289900325239,0.12704439544911345,0.12705179495447277,0.12691715852991417,0.12704455506870582,3.9736447069039307,3.973754053895357,3.9734082235113544,3.973652482450973
27,down_proj,2.4664490410941653e-05,0.023005587980151176,2.4660095732542686e-05,0.966291810836964,0.9662886018372102,0.9655208170724963,0.966291842525058,5.44620425995822,5.446204561162829,5.4460220870282425,5.446205183366109
