layer,matrix,variant,mean_kurtosis,mean_max_std_ratio,frob_norm,delta_frob_over_W_frob
0,q_proj,base,0.1286660639444932,4.044678505665938,74.54172752717375,0.0
0,q_proj,svmo,0.12861910849905195,4.04456828774069,74.51872229938864,0.0004988517030142248
0,q_proj,lora,0.1284956613291752,4.044822647920794,74.55205628100312,0.01680910401046276
0,k_proj,base,0.1764476660792107,4.0504150185225285,37.19750106291962,0.0
0,k_proj,svmo,0.1764959686428884,4.050483176924165,37.208485120010835,0.0004335941921453923
0,k_proj,lora,0.17611943935438157,4.049373296571359,37.20098593625551,0.013737219385802746
0,v_proj,base,0.11078267713878925,3.9720620767653347,12.189848793740916,0.0
0,v_proj,svmo,0.11074103249433301,3.9719942217018507,12.18372660093796,0.0008707905071787536
0,v_proj,lora,0.1101593724767089,3.9748122070123726,12.201775206984971,0.043786946684122086
0,o_proj,base,1.617541015308753,5.1694644249323085,44.581788104609146,0.0
0,o_proj,svmo,1.6176286954656054,5.1695486635667285,44.58376524133622,0.00010589347220957279
0,o_proj,lora,1.6139779663353886,5.16752817625443,44.60388861911194,0.03182217478752136
0,gate_proj,base,709.5644921683203,15.687960987208275,126.55920597305523,0.0
0,gate_proj,svmo,709.56702968348,15.688145506615186,126.60979133615598,0.0007767247734591365
0,gate_proj,lora,708.5991403022522,15.683522066933135,126.5953978296168,0.0239059217274189
0,up_proj,base,0.34674727056229215,4.234038993539391,108.76735867415904,0.0
0,up_proj,svmo,0.34675281221498666,4.234042666220553,108.76415468033977,7.675233064219356e-05
0,up_proj,lora,0.3416366005986893,4.227617263313007,108.8143277800976,0.02934248372912407
0,down_proj,base,1.3662146383287919,5.382561405073433,115.2490974404192,0.0
0,down_proj,svmo,1.3661947963430892,5.382555104833464,115.26199107711881,0.00035953710903413594
0,down_proj,lora,1.3638565547076682,5.381323467037967,115.2939574213076,0.02802148461341858
1,q_proj,base,1.7222587885175087,5.181558051610046,56.73764754782849,0.0
1,q_proj,svmo,1.7223312997322566,5.181602947788818,56.73972594748458,5.1183880714233965e-05
1,q_proj,lora,1.7209915436887029,5.181007065163848,56.75495644398942,0.02555759623646736
1,k_proj,base,1.7403628348394484,5.2022218512003064,29.890036846377825,0.0
1,k_proj,svmo,1.7407402694497751,5.202525869696666,29.910772423459026,0.0007897086907178164
1,k_proj,lora,1.7314775912165414,5.200084644700483,29.894257693361315,0.018284766003489494
1,v_proj,base,0.8536505588872849,4.573700936224901,18.31095231429527,0.0
1,v_proj,svmo,0.853609150952455,4.573699348016733,18.305637494051872,0.00045937972026877105
1,v_proj,lora,0.8517865827284663,4.572249682138795,18.32024655325016,0.03152771666646004
1,o_proj,base,0.6071330813462331,4.391454044117036,51.755589048916235,0.0
1,o_proj,svmo,0.6070545968112138,4.391379412054376,51.744450015912044,0.0004406520747579634
1,o_proj,lora,0.6062589383812556,4.391245970078886,51.77552859818154,0.0276495311409235
1,gate_proj,base,139.46244491600314,12.156460561820584,123.12041208827749,0.0
1,gate_proj,svmo,139.47168286449508,12.156302423324165,123.09574445071964,0.00040286092553287745
1,gate_proj,lora,125.99614554532373,11.97439556919437,123.17085450040904,0.02777070738375187
1,up_proj,base,2.7741870330264433,6.306842004742226,101.29892867925676,0.0
1,up_proj,svmo,2.7734106122630764,6.306562624059703,101.3091451962622,0.000246148876613006
1,up_proj,lora,2.382730312974343,6.1957918004679415,101.3554949529971,0.03266579657793045
1,down_proj,base,2.68865387053378,6.161354892490232,101.47038183191364,0.0
1,down_proj,svmo,2.688328310974781,6.161354410179455,101.48474419874621,0.00037771312054246664
1,down_proj,lora,2.6814257966420567,6.158482644947559,101.52785485381997,0.03390241041779518
2,q_proj,base,0.5114657241984125,4.517670884806847,65.36730749414376,0.0
2,q_proj,svmo,0.511423476486026,4.517586741616471,65.36185035852628,0.00016380332817789167
2,q_proj,lora,0.5108318993224568,4.51661197810919,65.38300135989914,0.021808139979839325
2,k_proj,base,0.8875544294649181,5.00513132738124,31.769350150114434,0.0
2,k_proj,svmo,0.8874025042723935,5.004634292447218,31.741552808892443,0.0012195304734632373
2,k_proj,lora,0.8872683363947682,5.003586289177557,31.773313118231005,0.016835983842611313
2,v_proj,base,0.3571295701341563,4.081045171084835,14.764397260222943,0.0
2,v_proj,svmo,0.3571140324974651,4.081052011311575,14.760681449244577,0.0003961770562455058
2,v_proj,lora,0.35591297906418196,4.082476876454953,14.77434856127581,0.03740387409925461
2,o_proj,base,0.6110130445957438,4.411084824157621,50.639074570119156,0.0
2,o_proj,svmo,0.611001575676768,4.41103255449572,50.63690864584954,9.44729326874949e-05
2,o_proj,lora,0.6099052019374601,4.409738138549233,50.65714482514989,0.02740938775241375
2,gate_proj,base,67.10267772345574,9.146876216464848,138.73032306357246,0.0
2,gate_proj,svmo,67.10245921208409,9.146861446835436,138.72981566905617,7.3599721872597e-06
2,gate_proj,lora,64.77401366552422,9.095130468631089,138.7718458979097,0.024470129981637
2,up_proj,base,0.4287579359072861,4.52437921139826,112.65745612544086,0.0
2,up_proj,svmo,0.4287365905451088,4.524356083217663,112.65872779516772,3.028860010090284e-05
2,up_proj,lora,0.4388780171242102,4.549764614466049,112.7108253631004,0.031093765050172806
2,down_proj,base,1.473154227523533,5.52362690909294,115.56242755979352,0.0
2,down_proj,svmo,1.4730421610306375,5.523638548050698,115.57438151889622,0.0003154508303850889
2,down_proj,lora,1.470160855743589,5.522473219139426,115.61106649258672,0.02905740961432457
3,q_proj,base,0.5382629086967621,4.549764676987651,67.87416793950285,0.0
3,q_proj,svmo,0.5384789052113892,4.549975919842538,67.88551668451154,0.00032393226865679026
3,q_proj,lora,0.537143609447586,4.548626828102869,67.89043592653522,0.02207072824239731
3,k_proj,base,0.7473441755074187,4.862812404793403,32.424934870048126,0.0
3,k_proj,svmo,0.7477433734639758,4.863531474643854,32.44742101997791,0.0009508044458925724
3,k_proj,lora,0.7464543548821817,4.861396337145918,32.43027506250176,0.017440786585211754
3,v_proj,base,0.6503032283306932,4.609821391284421,17.250560530081906,0.0
3,v_proj,svmo,0.6503593779832826,4.609897684606892,17.24666778086411,0.00036817489308305085
3,v_proj,lora,0.6478433757047803,4.6073013715459075,17.259988791192754,0.032154105603694916
3,o_proj,base,1.4252516012925904,4.723072832520126,53.06764659260453,0.0
3,o_proj,svmo,1.4252951335314605,4.723061742516963,53.06042256098056,0.0003245860862080008
3,o_proj,lora,1.4239350140520484,4.722392120236358,53.08458358755109,0.025604570284485817
3,gate_proj,base,0.3626929564235164,4.116684463426351,153.459844847488,0.0
3,gate_proj,svmo,0.36279071293181175,4.1169538404611385,153.48605631409572,0.0003968135279137641
3,gate_proj,lora,0.3620291661180901,4.116380533701115,153.49521434368083,0.02132376655936241
3,up_proj,base,0.5631157962065287,4.085172368374911,132.23820207533672,0.0
3,up_proj,svmo,0.5630598786754448,4.085201784780719,132.25600741010473,0.00043841011938638985
3,up_proj,lora,0.5622906386940872,4.085086426155691,132.28013883961367,0.025151466950774193
3,down_proj,base,1.1402594915253665,5.503174523983939,131.1027302977178,0.0
3,down_proj,svmo,1.1402502951203568,5.5034038839036805,131.13747020039222,0.0008353788289241493
3,down_proj,lora,1.1381298169636815,5.502392201187348,131.146793701364,0.026188787072896957
4,q_proj,base,0.6957226645721372,4.7315093619429405,64.63333065207692,0.0
4,q_proj,svmo,0.6961830421332353,4.732119010829003,64.67743541425845,0.0013405292993411422
4,q_proj,lora,0.694570558430715,4.7304150470903386,64.64876637215616,0.021525129675865173
4,k_proj,base,0.8247387133923041,4.662303105617674,29.076580555986677,0.0
4,k_proj,svmo,0.8247324860982346,4.662159974759433,29.061021954847714,0.0007116245687939227
4,k_proj,lora,0.8239008045725147,4.662628167023328,29.08239535501954,0.01827581785619259
4,v_proj,base,0.3078352976320129,4.119911993731209,20.84608851664026,0.0
4,v_proj,svmo,0.30782851911532966,4.119943659745099,20.855149251768182,0.0006820540293119848
4,v_proj,lora,0.3074933180943493,4.1188286704757555,20.853517543393394,0.026573998853564262
4,o_proj,base,0.7332530268773496,4.4778464424126945,53.276191407467714,0.0
4,o_proj,svmo,0.7332818091919062,4.477950293894984,53.29366305208988,0.0007394212298095226
4,o_proj,lora,0.7320473578725426,4.477526743424943,53.29696685780641,0.027307698503136635
4,gate_proj,base,0.24805925397696948,4.19111330563395,156.5707197928309,0.0
4,gate_proj,svmo,0.24752058384297823,4.18959713834646,156.50842738908486,0.001016636611893773
4,gate_proj,lora,0.2477568667362558,4.191014199317354,156.60464468050276,0.020934907719492912
4,up_proj,base,0.28791881112860557,4.049986697998265,129.5006329879579,0.0
4,up_proj,svmo,0.28793247526497023,4.0500231940386175,129.51205247729084,0.0002973688533529639
4,up_proj,lora,0.28756083223856893,4.049755581892698,129.54229556427,0.025167785584926605
4,down_proj,base,1.2800181227509253,5.410754461630751,128.61310433546777,0.0
4,down_proj,svmo,1.279991538442275,5.410830738026284,128.62058684478183,0.0001850320550147444
4,down_proj,lora,1.2776649220051972,5.409855591862668,128.66096876562935,0.027151821181178093
5,q_proj,base,0.6545229895095261,4.720574392510828,63.17059862166993,0.0
5,q_proj,svmo,0.654581355117808,4.720641264563914,63.17322465807323,8.546072785975412e-05
5,q_proj,lora,0.6537995535001163,4.720576440295387,63.18826028147617,0.0232473723590374
5,k_proj,base,1.1804292143284612,4.733554558371708,26.627009921108073,0.0
5,k_proj,svmo,1.180485401908114,4.733555474526502,26.622918474898107,0.00021755856869276613
5,k_proj,lora,1.1784608420890548,4.734264105940326,26.632938138312422,0.02064538560807705
5,v_proj,base,0.2972096957806705,4.138104838257818,19.827532937994583,0.0
5,v_proj,svmo,0.29719984969068264,4.138093057441272,19.825701990459375,0.00014186710177455097
5,v_proj,lora,0.29739331897773236,4.14113586933681,19.83667843384169,0.02907351776957512
5,o_proj,base,0.582820434378673,4.397836155274681,53.362866402734255,0.0
5,o_proj,svmo,0.5830530315631333,4.398046137830134,53.380733437552024,0.0006781109259463847
5,o_proj,lora,0.5818982836334968,4.397460214348627,53.38445849172359,0.02840486913919449
5,gate_proj,base,0.31158907914630285,4.193763472636864,149.25539087851584,0.0
5,gate_proj,svmo,0.31150885737243494,4.193552239005132,149.2472438688276,0.00015390792395919561
5,gate_proj,lora,0.3110208422784553,4.193324954573402,149.29189956435044,0.022090336307883263
5,up_proj,base,0.47318132184480693,4.060775692782321,133.8345989190123,0.0
5,up_proj,svmo,0.4731900671680769,4.060760644733481,133.8281558365262,0.0001669973717071116
5,up_proj,lora,0.4726405027192601,4.0602922590056725,133.87402452613475,0.02422921732068062
5,down_proj,base,1.3144701894635615,5.344889590593608,131.90448064309808,0.0
5,down_proj,svmo,1.314375708084069,5.344940808778483,131.9138566226786,0.00023509831225965172
5,down_proj,lora,1.3118265244925864,5.344364654552874,131.94263485257738,0.024137716740369797
6,q_proj,base,0.5270319041362738,4.659711370196763,64.21732133808908,0.0
6,q_proj,svmo,0.5269190716607011,4.659590778932184,64.20994106465709,0.00023599698033649474
6,q_proj,lora,0.5261046127102131,4.658625646918537,64.23309474636072,0.022307440638542175
6,k_proj,base,0.9128472285708044,4.63405310046509,28.530716185462186,0.0
6,k_proj,svmo,0.9122708037091334,4.633328910306976,28.49404774919291,0.0017543513095006347
6,k_proj,lora,0.9131437895363783,4.634445653887209,28.535199447683645,0.01834937371313572
6,v_proj,base,0.2958173419287451,4.210145036415277,20.670860097861357,0.0
6,v_proj,svmo,0.29581777922893265,4.210254662558886,20.65730652378115,0.00106660311575979
6,v_proj,lora,0.295225060613203,4.208963441147219,20.678655418910598,0.027085762470960617
6,o_proj,base,0.6271580833149074,4.402893873017778,54.914323465641125,0.0
6,o_proj,svmo,0.6271590960135145,4.402901423503031,54.91590391319696,6.154143920866773e-05
6,o_proj,lora,0.6262489655307762,4.402637341247121,54.93422742201253,0.026948561891913414
6,gate_proj,base,1.0454184972401204,4.939680930168749,151.0570740011277,0.0
6,gate_proj,svmo,1.0458194281837014,4.940697460502208,151.07111266569734,0.00023934802447911352
6,gate_proj,lora,1.044156903871283,4.939275473680503,151.09191869624922,0.021419160068035126
6,up_proj,base,0.5259491839229025,4.181654685316276,129.56182075555853,0.0
6,up_proj,svmo,0.5259476419869202,4.1816570661735755,129.56308856161002,3.893453686032444e-05
6,up_proj,lora,0.5252407577732974,4.181208610885508,129.60611116834662,0.02606200985610485
6,down_proj,base,2.166116643773872,5.339592080657072,127.49726315056681,0.0
6,down_proj,svmo,2.165994731838914,5.339578172758506,127.50506182460802,0.00018129254749510437
6,down_proj,lora,2.1597230431747816,5.338564565447101,127.54138175224065,0.026304516941308975
7,q_proj,base,0.5997892981578808,4.711438205656157,60.84211120174033,0.0
7,q_proj,svmo,0.5997752487366425,4.7113801112922955,60.832608668627934,0.0003150849661324173
7,q_proj,lora,0.5980099689383855,4.709203056147146,60.860595836865585,0.024626363068819046
7,k_proj,base,1.0473600999533828,5.101555911825212,23.838766641183337,0.0
7,k_proj,svmo,1.0476236456085104,5.101798794398876,23.844719126772112,0.0003443567838985473
7,k_proj,lora,1.044282181924547,5.099566544966712,23.845015080963837,0.023636607453227043
7,v_proj,base,0.6407787455516627,4.665958350495293,24.66981771675622,0.0
7,v_proj,svmo,0.6407797148896198,4.666056996804501,24.65266735348852,0.001168908434920013
7,v_proj,lora,0.6401064278961679,4.664929399432096,24.676346762599056,0.023198110982775688
7,o_proj,base,0.7552586803212451,4.562306079887994,60.25448917659833,0.0
7,o_proj,svmo,0.7542819475024333,4.5611118350746835,60.22537843220393,0.0010386270005255938
7,o_proj,lora,0.7540572395675241,4.561102389416747,60.27142986116496,0.02397993952035904
7,gate_proj,base,0.7998963423285584,4.352947534542201,141.5222610682351,0.0
7,gate_proj,svmo,0.8000199368834715,4.353305942781013,141.5373539222259,0.0002901094558183104
7,gate_proj,lora,0.7987568750847999,4.3528416329745765,141.56158341090415,0.02345949411392212
7,up_proj,base,0.6331809808267248,4.26011471542312,133.06408461915774,0.0
7,up_proj,svmo,0.633177705554156,4.260015053345627,133.0384800307406,0.0007333321846090257
7,up_proj,lora,0.6323286453117675,4.259861811003745,133.10505875953305,0.024939196184277534
7,down_proj,base,1.9156916226234115,5.414431353886153,132.54062452668177,0.0
7,down_proj,svmo,1.9158846697744658,5.414505092523945,132.5320802774404,0.00022564679966308177
7,down_proj,lora,1.9109022924393837,5.413035494965741,132.58227590715256,0.024966256693005562
8,q_proj,base,0.7023882630779504,4.838097756397851,63.32849647751639,0.0
8,q_proj,svmo,0.7024782299812443,4.8382693545630735,63.348358428975665,0.0006600457709282637
8,q_proj,lora,0.7014437900572117,4.836971335806388,63.34487528580474,0.023038025945425034
8,k_proj,base,1.1476016276587695,5.066587331953709,27.271296699826113,0.0
8,k_proj,svmo,1.1479375468132913,5.0671810282887115,27.290960965956888,0.001008561346679926
8,k_proj,lora,1.1452206423828453,5.063158751870296,27.27724947814656,0.022623658180236816
8,v_proj,base,0.3317765193735696,4.176537850051197,20.602176005532943,0.0
8,v_proj,svmo,0.3318025644166277,4.176596138405056,20.59609077254247,0.0004891993012279272
8,v_proj,lora,0.3310504438615761,4.176294036195254,20.610458502791666,0.028005028143525124
8,o_proj,base,0.7411745179598859,4.556740891344598,55.18688444582507,0.0
8,o_proj,svmo,0.7412420657145125,4.556847393509341,55.19191255559957,0.00019618224177975208
8,o_proj,lora,0.739984286388461,4.556057514679382,55.20572099324596,0.02651708573102951
8,gate_proj,base,0.6233924486005901,4.3227630529559615,138.98714149031042,0.0
8,gate_proj,svmo,0.6234336204240206,4.322886895442966,138.99113745045375,7.85275551606901e-05
8,gate_proj,lora,0.6223041952859616,4.3223340143094875,139.02709928763312,0.02394244074821472
8,up_proj,base,0.473700301976751,4.1745667954895875,135.54066859502512,0.0
8,up_proj,svmo,0.4737100268911601,4.174618845914953,135.55565918201097,0.0004176186048425734
8,up_proj,lora,0.47313357112703525,4.1743984522014745,135.580797405387,0.02448432333767414
8,down_proj,base,1.9523933198426044,5.445022847953191,133.9759215393002,0.0
8,down_proj,svmo,1.9518487751229625,5.444864355219413,134.00173214963425,0.0006371011841110885
8,down_proj,lora,1.9484077472736447,5.444375898541145,134.01637301374242,0.02465801313519478
9,q_proj,base,0.7407770670244765,4.871527310188699,58.61718432857052,0.0
9,q_proj,svmo,0.7409858748513132,4.871776701211114,58.62994822295054,0.0004185581929050386
9,q_proj,lora,0.7396544469913868,4.870751910091441,58.63349012343893,0.023321937769651413
9,k_proj,base,1.0669093075609803,5.154971339096621,23.26095856372693,0.0
9,k_proj,svmo,1.0663073068277806,5.154254338513421,23.24801937629986,0.0007072789594531059
9,k_proj,lora,1.0654044855369975,5.154085889274064,23.267295915555373,0.022036908194422722
9,v_proj,base,0.4813326986344589,4.323514697771254,24.75481427802468,0.0
9,v_proj,svmo,0.48134217094330534,4.323542152866588,24.753123913845666,0.00011944784637307748
9,v_proj,lora,0.48084335384182714,4.325543861876087,24.761435616846416,0.022282976657152176
9,o_proj,base,0.7348997769932577,4.561311597097104,60.407904005601054,0.0
9,o_proj,svmo,0.7342833233818642,4.5607067496327245,60.389678011332784,0.0006748150335624814
9,o_proj,lora,0.7336029222335735,4.5598726657153295,60.425272492211164,0.02420477755367756
9,gate_proj,base,0.4724845505578755,4.320073909821864,152.3015162121312,0.0
9,gate_proj,svmo,0.47226482040498136,4.319298809419927,152.2821406037797,0.0003094139392487705
9,gate_proj,lora,0.471929521885999,4.319670898275627,152.33805441805256,0.021977046504616737
9,up_proj,base,0.30523606377580437,4.06563030839785,124.8133311208019,0.0
9,up_proj,svmo,0.3052252343054541,4.065621673637519,124.80390217896442,0.00029355555307120085
9,up_proj,lora,0.3048254371430028,4.065489408677148,124.85913661186777,0.026641052216291428
9,down_proj,base,1.7576103420576448,5.284672960774088,123.15226104723119,0.0
9,down_proj,svmo,1.7574760583415912,5.284643542490902,123.16383627012,0.00033113034442067146
9,down_proj,lora,1.7513945153429462,5.283224937216724,123.19760172100624,0.02705988846719265
10,q_proj,base,0.7464369366531679,4.717747068660542,63.46072332657666,0.0
10,q_proj,svmo,0.7463008286543837,4.717461321944812,63.426209972964934,0.0011456911452114582
10,q_proj,lora,0.7446009159413182,4.716746663869576,63.47807219756562,0.023167256265878677
10,k_proj,base,0.7611243933760099,4.808120890650242,27.074954543837503,0.0
10,k_proj,svmo,0.7608628300500545,4.807890842867682,27.065488457096922,0.0004877601459156722
10,k_proj,lora,0.7599720600427752,4.806691361321307,27.080289647597837,0.019978469237685204
10,v_proj,base,0.36170448206160494,4.17271906535942,22.327840995260463,0.0
10,v_proj,svmo,0.36174836840596714,4.172879061134406,22.311594460662437,0.0012163884239271283
10,v_proj,lora,0.36129201116450493,4.173351601080881,22.335436583489646,0.025455564260482788
10,o_proj,base,0.7730927903992921,4.5245781832124585,57.02436266619324,0.0
10,o_proj,svmo,0.7731162075787904,4.524581714374608,57.02659206587118,8.97529607755132e-05
10,o_proj,lora,0.7721552480763975,4.523654465405535,57.04323607167188,0.025262488052248955
10,gate_proj,base,0.7541041848331457,4.241301609124285,141.654523314401,0.0
10,gate_proj,svmo,0.754172637080586,4.241471268163995,141.66345443108995,0.00018440613348502666
10,gate_proj,lora,0.7529333342493627,4.2407758960226145,141.6919868857314,0.023283036425709724
10,up_proj,base,0.5706443044346482,4.196812153718807,133.04852427087016,0.0
10,up_proj,svmo,0.5706258361374809,4.196766385912608,133.03497308317998,0.00038903733366169035
10,up_proj,lora,0.569641577252698,4.196682234829523,133.09058410843048,0.024957705289125443
10,down_proj,base,1.5916403044994893,5.385073927819355,132.27235674709743,0.0
10,down_proj,svmo,1.5916767108948247,5.385105338802158,132.27027667595988,5.2523384511005133e-05
10,down_proj,lora,1.5862147441384482,5.383637091823495,132.3129958438767,0.024864746257662773
11,q_proj,base,0.649443255222777,4.685751359252123,64.22327867756809,0.0
11,q_proj,svmo,0.6494716768372985,4.685852059321738,64.24100614539721,0.0005748126422986388
11,q_proj,lora,0.6479279278376032,4.684744380801002,64.23869068039997,0.022232647985219955
11,k_proj,base,0.937159212629495,4.876739345437571,28.02436583614876,0.0
11,k_proj,svmo,0.937730973416454,4.8774181234175265,28.04568953936114,0.0010195409413427114
11,k_proj,lora,0.9366003400248935,4.875270551849429,28.030768422270572,0.020922662690281868
11,v_proj,base,0.35481209181970474,4.2614862330059555,19.7935942290059,0.0
11,v_proj,svmo,0.3548174195967203,4.261508106059958,19.795416262246366,0.00014304943033494055
11,v_proj,lora,0.3541351253495148,4.260353436762351,19.801376179764613,0.027743857353925705
11,o_proj,base,0.5555761558092044,4.444494879435909,55.283316167459944,0.0
11,o_proj,svmo,0.5554722946506806,4.444401135678667,55.273605257198675,0.0003918098518624902
11,o_proj,lora,0.5546365034635824,4.443967163752148,55.30300667745615,0.026691526174545288
11,gate_proj,base,0.460207364683693,4.230602656189468,138.854620387001,0.0
11,gate_proj,svmo,0.46028949292284155,4.230771627048238,138.86467631559262,0.00021271381410770118
11,gate_proj,lora,0.4596764564693132,4.230347155923847,138.89291455984207,0.02360217086970806
11,up_proj,base,0.39839633413338077,4.18788835702673,135.36222634277894,0.0
11,up_proj,svmo,0.39839430198268166,4.187885079309576,135.3614636861029,2.0255552954040468e-05
11,up_proj,lora,0.3978978088825445,4.187632056709255,135.40463624092177,0.025044819340109825
11,down_proj,base,0.6140112835419831,5.087526356294466,133.99019330099597,0.0
11,down_proj,svmo,0.6139594923407107,5.08747515313003,133.9974915511807,0.00017388675769325346
11,down_proj,lora,0.6125835509127494,5.086878009015414,134.03170202115902,0.025020018219947815
12,q_proj,base,0.663742307169767,4.772903973665968,62.261454401945606,0.0
12,q_proj,svmo,0.6637636404996236,4.772955279245169,62.26530279088681,0.00013067755207885057
12,q_proj,lora,0.6622248963596936,4.771270772755709,62.2804469639428,0.024411486461758614
12,k_proj,base,1.2075213724464482,5.182845630385561,26.823230334752214,0.0
12,k_proj,svmo,1.207181931828452,5.1824072604540685,26.81345635934236,0.0004878123290836811
12,k_proj,lora,1.203262534414144,5.180171141213144,26.829110694979114,0.02111842669546604
12,v_proj,base,0.5091467430154739,4.345635631086977,20.582909619770078,0.0
12,v_proj,svmo,0.5091547346560266,4.345652950982494,20.58062209358121,0.00017743222997523844
12,v_proj,lora,0.5088076414378624,4.346915416940686,20.590524252797103,0.026523366570472717
12,o_proj,base,0.3302202839832858,4.235620594577358,55.60919011895273,0.0
12,o_proj,svmo,0.33019323115707644,4.235587160194198,55.59575397453148,0.0005266509251669049
12,o_proj,lora,0.32975535367725717,4.234650194819193,55.6278059535046,0.026056693866848946
12,gate_proj,base,0.8660934619043306,4.357128288216818,136.41264719326483,0.0
12,gate_proj,svmo,0.8660333949902911,4.356961819906561,136.40335200964606,0.00019419027375988662
12,gate_proj,lora,0.8644243418661548,4.356863717355756,136.45209538368195,0.02434719167649746
12,up_proj,base,0.6211372279637604,4.30926099225834,136.84394421393353,0.0
12,up_proj,svmo,0.6211326185989566,4.309295983376144,136.8516394107409,0.00019774719839915633
12,up_proj,lora,0.6203104081994594,4.308902795671016,136.88339143452953,0.02395319752395153
12,down_proj,base,2.4513407345606004,5.826590868749016,135.73209535539976,0.0
12,down_proj,svmo,2.45107409294646,5.826423325040465,135.7430419936655,0.0002632258110679686
12,down_proj,lora,2.4459847022341847,5.826582665215169,135.77065248233137,0.02390516735613346
13,q_proj,base,1.1311387473020846,4.973315614904243,61.02667804281946,0.0
13,q_proj,svmo,1.1316204002695938,4.9736974366037625,61.047892374891845,0.0007002703496254981
13,q_proj,lora,1.1297161219806264,4.972428599799037,61.04460970673744,0.024138662964105606
13,k_proj,base,1.307784929226958,5.2331757846172,25.6045122649275,0.0
13,k_proj,svmo,1.309035024306905,5.234340341839186,25.63282795240886,0.0014115560334175825
13,k_proj,lora,1.3038805115334724,5.230635836831203,25.610692794575844,0.021099284291267395
13,v_proj,base,0.8773047083902349,4.971803817444886,22.459298451039654,0.0
13,v_proj,svmo,0.8771727019567754,4.971546705242348,22.476171000994093,0.0012756303185597062
13,v_proj,lora,0.8758456849119178,4.969347611654903,22.466298160623804,0.02494257129728794
13,o_proj,base,1.1246458042549343,4.732447868218254,57.511935301842136,0.0
13,o_proj,svmo,1.1251628216153706,4.732793643872192,57.53160078602191,0.0007501406944356859
13,o_proj,lora,1.1230967052575276,4.73191875765375,57.53031275056003,0.02480042725801468
13,gate_proj,base,1.0911419890687608,4.402129134608667,139.25112011544056,0.0
13,gate_proj,svmo,1.0909731314983837,4.401598078966636,139.22071972918187,0.0006117703742347658
13,gate_proj,lora,1.0893928366558459,4.401764159946081,139.28918816052692,0.023396234959363937
13,up_proj,base,0.8243636008044721,4.3116848857178915,135.24339808556056,0.0
13,up_proj,svmo,0.8243609700279182,4.311736352285297,135.25440291078795,0.0002783643431030214
13,up_proj,lora,0.8230607235621452,4.311187802523027,135.2847252542264,0.024703767150640488
13,down_proj,base,2.2079003246754603,5.618445402190834,133.58869786642305,0.0
13,down_proj,svmo,2.2074650857240963,5.618172562644367,133.6126336783459,0.0005871267057955265
13,down_proj,lora,2.204727368829261,5.6175521166605416,133.62863680806603,0.024595554918050766
14,q_proj,base,0.9252460066777629,4.944251434459303,59.879382330604514,0.0
14,q_proj,svmo,0.9250021349628698,4.943930692352071,59.86178454212258,0.0005542913568206131
14,q_proj,lora,0.9237153588073228,4.943030747569962,59.89847421448631,0.02468760684132576
14,k_proj,base,0.9376177000868113,4.940654472955176,25.307621565483696,0.0
14,k_proj,svmo,0.9376645834916774,4.940744887724323,25.311259460698068,0.00018269209249410778
14,k_proj,lora,0.9364288876938767,4.939670346430315,25.313557777022996,0.021644316613674164
14,v_proj,base,0.7760628235638805,4.635864899225394,19.75801698463805,0.0
14,v_proj,svmo,0.7760868773298636,4.63587861960869,19.75623974876192,0.00014237950381357223
14,v_proj,lora,0.7746981447630397,4.636045368383714,19.765283472607106,0.027354001998901367
14,o_proj,base,1.0216565899680514,4.88554566116042,54.60895525249064,0.0
14,o_proj,svmo,1.0209936932425905,4.884877736981638,54.591044617447984,0.0006755398353561759
14,o_proj,lora,1.0198936104301042,4.884333456920483,54.627983652266664,0.02662230096757412
14,gate_proj,base,1.3736144837856885,4.475176705602994,136.8307712033552,0.0
14,gate_proj,svmo,1.3735715929332528,4.474980922209903,136.81936743288156,0.0002406232088105753
14,gate_proj,lora,1.3709880413932813,4.475155938863357,136.86943320782606,0.023829879239201546
14,up_proj,base,1.129466455490719,4.441267845981945,136.27902275698432,0.0
14,up_proj,svmo,1.1294143756724633,4.441320776288963,136.29379789005569,0.00038038662751205266
14,up_proj,lora,1.1274981180194528,4.440742340614191,136.31888697668145,0.024409117177128792
14,down_proj,base,2.5936867042261946,6.046941705878619,134.80671597531165,0.0
14,down_proj,svmo,2.5930402517011855,6.046428734364897,134.83417490941213,0.0006576853920705616
14,down_proj,lora,2.58828408205186,6.045801867022793,134.84476146844025,0.023814454674720764
15,q_proj,base,1.0630114179701133,4.940620997741134,62.19952571130139,0.0
15,q_proj,svmo,1.0627998283201927,4.940829093630929,62.23498812995971,0.001138174207881093
15,q_proj,lora,1.061443936485941,4.939000259836595,62.2182415983876,0.024128522723913193
15,k_proj,base,2.1092237808375174,5.18270816493885,26.497144363716593,0.0
15,k_proj,svmo,2.1090561777871155,5.182826166169839,26.506434409419402,0.00046805207966826856
15,k_proj,lora,2.107469083480657,5.181589678163425,26.50324913566582,0.021358957514166832
15,v_proj,base,0.450176130581061,4.437037451342773,20.843463310202765,0.0
15,v_proj,svmo,0.4501874339599282,4.4370751080716255,20.836172824359057,0.0005378264468163252
15,v_proj,lora,0.44938298673478416,4.4359386869215855,20.850792873640376,0.02670683152973652
15,o_proj,base,0.5531779087747898,4.4541370677170775,55.32372416403919,0.0
15,o_proj,svmo,0.5528030191536509,4.453734303949692,55.29943005737712,0.0009158790344372392
15,o_proj,lora,0.5523670342215226,4.453265618154352,55.34181448276007,0.02566996030509472
15,gate_proj,base,0.9858343509318027,4.510277774510105,135.18940242617992,0.0
15,gate_proj,svmo,0.9858956025919952,4.5104534924637445,135.19836276692175,0.0001956092455657199
15,gate_proj,lora,0.9840588276144044,4.509610847331245,135.22682654383857,0.02368275821208954
15,up_proj,base,0.7900423130643048,4.431526620915943,137.79096747471317,0.0
15,up_proj,svmo,0.7900426034895426,4.431476398830341,137.77912833954585,0.00029415887547656894
15,up_proj,lora,0.7890052133508082,4.431428583904398,137.83099082585304,0.024106206372380257
15,down_proj,base,1.3002029032224447,5.414959196287048,135.82894315587038,0.0
15,down_proj,svmo,1.3001173174176854,5.414883576562703,135.8348118852959,0.0001389598910463974
15,down_proj,lora,1.2986593055583704,5.414653224306009,135.86449359539904,0.023083727806806564
16,q_proj,base,0.6652557542094909,4.645153530433559,59.490779748966894,0.0
16,q_proj,svmo,0.665255442587348,4.64516987972681,59.49286211112835,6.814077642047778e-05
16,q_proj,lora,0.6638564918960851,4.644035138028393,59.50849301946494,0.024770617485046387
16,k_proj,base,1.0674345961714191,4.9698684218087585,23.769479265392885,0.0
16,k_proj,svmo,1.0676215198302108,4.97005571900878,23.77586337033462,0.0003445903130341321
16,k_proj,lora,1.0653395263550096,4.970234766715187,23.776043824056025,0.022542962804436684
16,v_proj,base,0.3849235412075112,4.292523248116165,22.40522074609137,0.0
16,v_proj,svmo,0.38480534783631837,4.292525241992076,22.385592848649086,0.001405345625244081
16,v_proj,lora,0.3844965596524625,4.29129904007274,22.41179591121549,0.024393757805228233
16,o_proj,base,1.1786879148471223,5.077812294896943,57.147947441211564,0.0
16,o_proj,svmo,1.179305129909507,5.0783007877057225,57.155583596476006,0.00030105214682407677
16,o_proj,lora,1.1765652575581629,5.076734732910053,57.16435259359469,0.024579839780926704
16,gate_proj,base,0.6878430835687356,4.339689616494449,134.99775263227409,0.0
16,gate_proj,svmo,0.6880154691313887,4.340159939236831,135.0267327513112,0.0006239334470592439
16,gate_proj,lora,0.6866606989149641,4.339482605242991,135.0371069197829,0.02410702593624592
16,up_proj,base,0.4846962675932913,4.277762473325813,137.538552185851,0.0
16,up_proj,svmo,0.48470978804738307,4.277802819469275,137.54650640641813,0.00019403008627705276
16,up_proj,lora,0.4840803315642875,4.27747179940187,137.57731709726494,0.023788077756762505
16,down_proj,base,0.9606425786163594,5.338365077757836,134.96345007689533,0.0
16,down_proj,svmo,0.9605120142310634,5.338246410654032,134.97413429681484,0.0002467124431859702
16,down_proj,lora,0.9592670298241791,5.338233466333812,135.00117603110255,0.023621780797839165
17,q_proj,base,0.6971415548140456,4.689246979980096,61.23376521406185,0.0
17,q_proj,svmo,0.6970545300195023,4.6893347635588025,61.256332151608795,0.0007447840762324631
17,q_proj,lora,0.6959380197436879,4.687752142593554,61.25145777132922,0.023654576390981674
17,k_proj,base,0.8295023148931933,4.735632008723386,24.236821364319777,0.0
17,k_proj,svmo,0.8295218553800777,4.735690514155047,24.25090156007381,0.0008009541779756546
17,k_proj,lora,0.8282697673282354,4.735499999659264,24.244931643218923,0.024484878405928612
17,v_proj,base,0.6209409245436952,4.485575495707604,22.07691201536905,0.0
17,v_proj,svmo,0.6211070346360332,4.485731306772962,22.090102232422584,0.0009299738449044526
17,v_proj,lora,0.6197179600221263,4.483998180936998,22.08380051791434,0.025437157601118088
17,o_proj,base,1.2381556831009168,5.002024822683398,56.853668801903716,0.0
17,o_proj,svmo,1.2382855760503395,5.002120111307268,56.85590080826835,8.49706120789051e-05
17,o_proj,lora,1.2360955859528109,5.001132345468499,56.87134244837605,0.025295766070485115
17,gate_proj,base,0.688429114702361,4.419149644247158,133.62203908331188,0.0
17,gate_proj,svmo,0.6881608110405979,4.418447475444815,133.58859710476634,0.0007390197715722024
17,gate_proj,lora,0.6872757073097083,4.418979076540251,133.66407202646133,0.02530381642282009
17,up_proj,base,0.5671666087963821,4.308116434814897,138.33253247187233,0.0
17,up_proj,svmo,0.5671709940523035,4.308146390166213,138.339996024933,0.00018490485672373325
17,up_proj,lora,0.5664914497803332,4.307770181135897,138.36944275097258,0.02342967875301838
17,down_proj,base,1.3786161990009624,5.714792898671831,135.1869596431996,0.0
17,down_proj,svmo,1.3786665168648355,5.7148443006237795,135.183389313626,7.954514876473695e-05
17,down_proj,lora,1.376266671218985,5.714157264317929,135.22386059231374,0.02341144159436226
18,q_proj,base,1.965261555210723,5.080020775199579,57.74961542758593,0.0
18,q_proj,svmo,1.9652239210755,5.079800590732627,57.73157451982215,0.0005991703947074711
18,q_proj,lora,1.9587897510963492,5.078593264279426,57.7660610654056,0.024685807526111603
18,k_proj,base,0.9348741537675898,4.916454835325445,23.11234532824051,0.0
18,k_proj,svmo,0.9339901848171307,4.915440651652061,23.082691712518475,0.0016788176726549864
18,k_proj,lora,0.9336794647643891,4.9164136710070405,23.11716913588994,0.023125866428017616
18,v_proj,base,0.6565143037228061,4.538968378968747,24.891871374014833,0.0
18,v_proj,svmo,0.6566188532514605,4.539095211925726,24.885350876837258,0.0004519874055404216
18,v_proj,lora,0.6559601037795074,4.537735614136617,24.89704282151934,0.021963438019156456
18,o_proj,base,1.2986754995966554,5.447858027433514,60.79351753378966,0.0
18,o_proj,svmo,1.296205674172652,5.444914604333475,60.77351740410377,0.0006733927875757217
18,o_proj,lora,1.2968576828236487,5.446868832943433,60.80924088565595,0.02301687002182007
18,gate_proj,base,1.2118148396495756,4.56366493044109,133.17109318711138,0.0
18,gate_proj,svmo,1.2117229287746718,4.563367357943437,133.15314724779773,0.00040020988672040403
18,gate_proj,lora,1.2096847849243921,4.563054839777067,133.2105951774227,0.024246925488114357
18,up_proj,base,0.7228340437007916,4.399627978080774,140.7080657347413,0.0
18,up_proj,svmo,0.7228374979262632,4.399621700645462,140.70517064928242,7.07337967469357e-05
18,up_proj,lora,0.7219252863795911,4.3994451513432296,140.7447844254547,0.02284107729792595
18,down_proj,base,1.6745618587839404,5.57370261862905,137.80249601442318,0.0
18,down_proj,svmo,1.674901438618657,5.573936507591158,137.7863678992735,0.00039148639189079404
18,down_proj,lora,1.672740393814953,5.572981505024257,137.84005971746208,0.023285022005438805
19,q_proj,base,1.1023669454656622,4.954426936456392,57.38604759546493,0.0
19,q_proj,svmo,1.1019627043242466,4.953793538946827,57.34773413949504,0.0012987738009542227
19,q_proj,lora,1.1005833567424463,4.953258174644352,57.4029422301992,0.024298375472426414
19,k_proj,base,1.2329182109867776,5.032473929544663,21.279212581385682,0.0
19,k_proj,svmo,1.2322600221091937,5.03146625801751,21.245849746974976,0.002022656612098217
19,k_proj,lora,1.2294835028757483,5.02900465880293,21.286060930806094,0.02616499923169613
19,v_proj,base,0.8031565530935537,4.782275097450263,25.053509191842455,0.0
19,v_proj,svmo,0.8029952340210531,4.7822513993032665,25.03472921753964,0.0012588348472490907
19,v_proj,lora,0.802501126024735,4.782648925212436,25.05858660049858,0.02113969810307026
19,o_proj,base,0.7100244649547036,4.562047355196232,59.57677568599349,0.0
19,o_proj,svmo,0.7092648903963923,4.561277876826796,59.546556998748166,0.0010790638625621796
19,o_proj,lora,0.7091851903311129,4.561177661519182,59.59270625017097,0.023549027740955353
19,gate_proj,base,0.8360782918592815,4.4240315434507504,134.9815488777154,0.0
19,gate_proj,svmo,0.8362556855505843,4.424484326015025,135.00158762038595,0.00044428560067899525
19,gate_proj,lora,0.8349498745645197,4.4235932952104315,135.0192478781862,0.023714080452919006
19,up_proj,base,0.4566735787359115,4.266705669712687,140.3816345133734,0.0
19,up_proj,svmo,0.45673307016254105,4.266892520014104,140.40838024854543,0.0006585814408026636
19,up_proj,lora,0.45606462728475905,4.266496633423321,140.4169993501351,0.02246321365237236
19,down_proj,base,1.6699893168786448,5.522768501599543,137.03760485503668,0.0
19,down_proj,svmo,1.6696306657642437,5.52257544900038,137.05955763133443,0.0005411494639702141
19,down_proj,lora,1.667398144208314,5.522016305310347,137.07340311456824,0.022991646081209183
20,q_proj,base,0.5079631372484634,4.591493833272404,58.68717668506062,0.0
20,q_proj,svmo,0.507960750462459,4.591488092763013,58.68665847466667,1.7521057088742964e-05
20,q_proj,lora,0.5069010328632796,4.5905154275351805,58.70472926870305,0.024214521050453186
20,k_proj,base,0.8830544120965965,4.7841070894359765,22.31836674778469,0.0
20,k_proj,svmo,0.8829225603660009,4.784171164713456,22.33074747035727,0.0007399865426123142
20,k_proj,lora,0.8811305037376839,4.784194338365955,22.324474845450393,0.02352791465818882
20,v_proj,base,0.7139098450285322,4.6242336759330005,25.88930388499703,0.0
20,v_proj,svmo,0.7139068065206948,4.624240501861031,25.887909792326226,8.667966903885826e-05
20,v_proj,lora,0.7137102866964867,4.624649513058779,25.894575424517768,0.02023337222635746
20,o_proj,base,0.5323375740275567,4.459906219945749,60.864856803028374,0.0
20,o_proj,svmo,0.5322876977625499,4.459829444688571,60.86113302681112,0.00012670003343373537
20,o_proj,lora,0.5316722140267679,4.459622343637699,60.88062335827445,0.02296161837875843
20,gate_proj,base,1.4452219771565589,4.5569372547104585,134.44924598443748,0.0
20,gate_proj,svmo,1.445139505872551,4.5566859682947864,134.43268718901584,0.00038866614340804517
20,gate_proj,lora,1.4429643950315363,4.556488724653385,134.4855174050513,0.023372303694486618
20,up_proj,base,1.2023924130116403,4.3678174520224085,141.1015197135303,0.0
20,up_proj,svmo,1.2023937010014607,4.367847113220172,141.10637510846425,0.00012143633648520336
20,up_proj,lora,1.2007978069983565,4.367676671185022,141.13638227559045,0.02245870605111122
20,down_proj,base,3.1376550756313173,5.592496044308932,137.88768654567195,0.0
20,down_proj,svmo,3.1381882484472876,5.592689066432242,137.8707821788979,0.0004267269396223128
20,down_proj,lora,3.130616551755204,5.591973624020163,137.92190045250354,0.022336404770612717
21,q_proj,base,0.8933591465098131,4.769317684860715,57.10317363439063,0.0
21,q_proj,svmo,0.8933267211289813,4.769055763115714,57.08609391632723,0.0005940393311902881
21,q_proj,lora,0.8919247577046756,4.768616716699883,57.11931613186962,0.023910855874419212
21,k_proj,base,1.2169190635239968,5.2186107860107995,19.94945954755547,0.0
21,k_proj,svmo,1.2163528634081897,5.218027835209714,19.93473901423147,0.000950441462919116
21,k_proj,lora,1.2132598788449862,5.218818210257702,19.95611335952303,0.02646559476852417
21,v_proj,base,1.2687171633466208,5.111549760176361,27.746989526001407,0.0
21,v_proj,svmo,1.2687863812714182,5.111643153099346,27.727346824783407,0.001215962111018598
21,v_proj,lora,1.2678862604671184,5.11086223351624,27.750824952714396,0.018395140767097473
21,o_proj,base,1.2232635386649184,4.941548041956318,63.20318339058538,0.0
21,o_proj,svmo,1.222746181093447,4.940998552189703,63.17599766226881,0.00101235241163522
21,o_proj,lora,1.2222599000452452,4.941562672136407,63.218048403598054,0.021539149805903435
21,gate_proj,base,1.362305443402495,4.440793863195384,136.58766229506236,0.0
21,gate_proj,svmo,1.3623320493271454,4.4409235123143365,136.59683082628834,0.00021833654318470508
21,gate_proj,lora,1.3596761668168589,4.440527041587641,136.62339198433062,0.02290097251534462
21,up_proj,base,0.7544239679510932,4.233649623826866,141.08003991035068,0.0
21,up_proj,svmo,0.754424035432713,4.23365875755748,141.08259157435634,6.631988799199462e-05
21,up_proj,lora,0.7533015828459887,4.233407916126193,141.11306793925127,0.02181495912373066
21,down_proj,base,2.4423839164438546,5.4712239217884076,137.84202627951672,0.0
21,down_proj,svmo,2.4424101259228315,5.47123177081681,137.84106887538618,2.6096124202013016e-05
21,down_proj,lora,2.4382437990716928,5.470532549930196,137.87599050038244,0.02236642688512802
22,q_proj,base,0.9353120603849296,4.773876593100115,58.117858568719804,0.0
22,q_proj,svmo,0.9352826950437951,4.773899868132637,58.12191864133534,0.00013474626757670194
22,q_proj,lora,0.933314651126439,4.772760479267112,58.13383922120542,0.02325093373656273
22,k_proj,base,1.0826087304132685,4.933737369099155,19.451904664472632,0.0
22,k_proj,svmo,1.0827928142165764,4.933765527550213,19.440939793511888,0.0007123586256057024
22,k_proj,lora,1.0799470512646794,4.9336758208655525,19.45939526538528,0.027321450412273407
22,v_proj,base,4.478826325434725,6.039258306156148,27.14584263598323,0.0
22,v_proj,svmo,4.479824839802847,6.039499141847319,27.13776558339862,0.000471326318802312
22,v_proj,lora,4.474375986750387,6.037759825883649,27.15160121939276,0.019313016906380653
22,o_proj,base,0.503615276669805,4.2871565449389495,63.48462129960463,0.0
22,o_proj,svmo,0.5036176918201792,4.287153182163301,63.499424735594346,0.000499721965752542
22,o_proj,lora,0.5032461488420664,4.286327275511886,63.49981655144,0.021661320701241493
22,gate_proj,base,1.0256712367707066,4.388216635278903,136.7619802086614,0.0
22,gate_proj,svmo,1.0257776498307152,4.388516278734631,136.78626636509836,0.0005955852102488279
22,gate_proj,lora,1.0242391249582419,4.387722341021997,136.7981662029866,0.02286442741751671
22,up_proj,base,0.6710846722876496,4.2028663142384035,141.82160058912797,0.0
22,up_proj,svmo,0.6710851732554544,4.2028687036691545,141.82215144490908,1.4363155059982091e-05
22,up_proj,lora,0.6701413400132743,4.202378807271056,141.8549385426372,0.021719759330153465
22,down_proj,base,2.4090967100553677,5.543845087807861,138.89722373578755,0.0
22,down_proj,svmo,2.4088429653564924,5.543793073450644,138.90673419786742,0.000260486121987924
22,down_proj,lora,2.403734805922111,5.542954351384152,138.93066583596496,0.022039638832211494
23,q_proj,base,0.7109551247946305,4.624496830876395,59.48043008110221,0.0
23,q_proj,svmo,0.7109830156457401,4.6246683570949525,59.491599057910605,0.00038732963730581105
23,q_proj,lora,0.7098644986967579,4.623749302170447,59.49678492044529,0.022879930213093758
23,k_proj,base,1.3641367530711255,5.112780995269468,20.537053667877796,0.0
23,k_proj,svmo,1.3641641124336787,5.112748330916482,20.534158340606282,0.0001870327687356621
23,k_proj,lora,1.3632945595374935,5.112637615328371,20.544334546041,0.02646758034825325
23,v_proj,base,4.317932478656225,6.669480612374364,27.5544735551368,0.0
23,v_proj,svmo,4.317811969662529,6.669438655992672,27.555942399014405,8.567202894482762e-05
23,v_proj,lora,4.313150337946889,6.6691917532022185,27.559410174535145,0.01886126585304737
23,o_proj,base,1.0550738834057942,4.462883165221126,64.92898925094663,0.0
23,o_proj,svmo,1.0550653623356145,4.462833614824409,64.91698002586863,0.0004787420039065182
23,o_proj,lora,1.053809848116263,4.463014973257964,64.94346301496053,0.021288661286234856
23,gate_proj,base,0.40660440724585656,4.147520243546644,137.99351840383613,0.0
23,gate_proj,svmo,0.4066461632728703,4.147642707766282,138.00466068127068,0.00026156395324505866
23,gate_proj,lora,0.4060912811000266,4.147083207210097,138.0290606598988,0.022585926577448845
23,up_proj,base,0.26489796775380303,4.0422403131306055,141.46656590452992,0.0
23,up_proj,svmo,0.26489662791665197,4.042235917276827,141.4654179873574,3.010224099853076e-05
23,up_proj,lora,0.26451177098334866,4.042093260849013,141.5025784619415,0.022456204518675804
23,down_proj,base,1.079821623180092,5.280742941619806,138.76228397233393,0.0
23,down_proj,svmo,1.079749385479088,5.28070456785709,138.7714865349989,0.00024366332218050957
23,down_proj,lora,1.0773939989664076,5.279937676229094,138.79567199636412,0.022162118926644325
24,q_proj,base,0.816027438255003,4.745427996395104,56.758866057337286,0.0
24,q_proj,svmo,0.8161275985604332,4.745790335389215,56.78082681665508,0.0008138705161400139
24,q_proj,lora,0.8138432495182094,4.743718938105071,56.77664407586688,0.024741649627685547
24,k_proj,base,1.1610488282750402,4.933348867645234,19.46239994802915,0.0
24,k_proj,svmo,1.1601871107543409,4.933283892235011,19.488708717268377,0.0018499699654057622
24,k_proj,lora,1.159557382361013,4.933712267444674,19.4695796988602,0.027348821982741356
24,v_proj,base,2.36333735449399,5.841812196665341,31.05244557543376,0.0
24,v_proj,svmo,2.361957467552563,5.841096232844826,31.066208270890147,0.0007269759080372751
24,v_proj,lora,2.3624829612519695,5.841539098181755,31.057552006171097,0.016984781250357628
24,o_proj,base,0.32996938103098206,4.198581009224027,65.25187348283119,0.0
24,o_proj,svmo,0.33017535847208734,4.198956466965278,65.27567199046699,0.0008353142766281962
24,o_proj,lora,0.3297057187871713,4.198961915412847,65.26476337449974,0.0204547680914402
24,gate_proj,base,0.2972488632010675,4.061271316250474,135.54939454888498,0.0
24,gate_proj,svmo,0.29719332554387756,4.06113753024093,135.5376376484725,0.0002761250361800194
24,gate_proj,lora,0.29680586133119535,4.061121362381543,135.58605971474825,0.023345425724983215
24,up_proj,base,0.259248655308577,4.021230439538902,142.844136887334,0.0
24,up_proj,svmo,0.259257527358406,4.02125188066972,142.84686262538122,6.975288852117956e-05
24,up_proj,lora,0.258927194177844,4.0211020535485735,142.87628147772827,0.021333297714591026
24,down_proj,base,1.2044675008014754,5.4074435120604045,140.9684438543523,0.0
24,down_proj,svmo,1.2044553840387862,5.407439326579364,140.9695610605784,2.944064181065187e-05
24,down_proj,lora,1.2017250386430312,5.406939793256789,141.0024508569174,0.021775223314762115
25,q_proj,base,1.212603703040293,4.882686039219363,55.28542480963314,0.0
25,q_proj,svmo,1.2125804733028234,4.882526172446709,55.27869020029017,0.00026035329210571945
25,q_proj,lora,1.2090949493326646,4.8813425206559105,55.30175556660158,0.024629874154925346
25,k_proj,base,2.85810410771375,5.783148761926525,17.700219140507667,0.0
25,k_proj,svmo,2.857275632960789,5.783484850252284,17.720711641881174,0.001504128216765821
25,k_proj,lora,2.848197743324008,5.781308818291075,17.708878292562233,0.030697857961058617
25,v_proj,base,4.337254279210847,6.468362974571729,33.9312262022277,0.0
25,v_proj,svmo,4.337338573921805,6.468436498361893,33.9178697355013,0.0006409275229088962
25,v_proj,lora,4.334431480498661,6.468021178674895,33.93474980478295,0.015739910304546356
25,o_proj,base,0.4446330062561416,4.266355316714358,68.82572839102632,0.0
25,o_proj,svmo,0.4444831391832548,4.266206072110367,68.80069576146427,0.0008689304813742638
25,o_proj,lora,0.44408472498504664,4.266138051479946,68.83821512966055,0.019743990153074265
25,gate_proj,base,0.35400699337437136,4.061315495034617,134.13700028069795,0.0
25,gate_proj,svmo,0.3540501881737231,4.061445408408348,134.1500210190626,0.0003192212025169283
25,gate_proj,lora,0.3536322466313226,4.061268013812188,134.1718646303743,0.022798914462327957
25,up_proj,base,0.36702055704547093,4.030787990645634,144.35019755022046,0.0
25,up_proj,svmo,0.3670247488093008,4.030826792388736,144.35431845289875,0.0001046909746946767
25,up_proj,lora,0.3663686253854618,4.0306886113617795,144.3824447829604,0.021142829209566116
25,down_proj,base,1.012826615940897,5.393818332486875,143.74089906919272,0.0
25,down_proj,svmo,1.0129168048972803,5.393869735960188,143.72261881282458,0.00043136620661243796
25,down_proj,lora,1.0093625335545713,5.392468134379295,143.77630138867252,0.022054040804505348
26,q_proj,base,1.4740472620915699,5.1780508891114385,51.73384417019309,0.0
26,q_proj,svmo,1.4741055068478663,5.178695714267308,51.75646506527878,0.0008162801968865097
26,q_proj,lora,1.469342370941878,5.176737012550901,51.75066756443232,0.025590963661670685
26,k_proj,base,2.556409998092059,5.704667231941118,16.94211667391897,0.0
26,k_proj,svmo,2.5560424275240257,5.704967475101101,16.95879245429834,0.0012486513005569577
26,k_proj,lora,2.546804680199382,5.698320368551914,16.949636668220162,0.029394378885626793
26,v_proj,base,2.7748351640666824,6.426508260795218,40.573442367155536,0.0
26,v_proj,svmo,2.774845659576603,6.426338870720186,40.603157574851274,0.0010854911524802446
26,v_proj,lora,2.7738312389344157,6.425954688771167,40.576757956402155,0.01263459399342537
26,o_proj,base,1.0735709766839165,4.439511263927797,71.58582662237902,0.0
26,o_proj,svmo,1.0735589612023244,4.439625702324695,71.59269159318028,0.00023334298748522997
26,o_proj,lora,1.0722009366423897,4.438934837483543,71.59736606861222,0.018145395442843437
26,gate_proj,base,0.3069631130390204,4.131712066187295,134.16897637516752,0.0
26,gate_proj,svmo,0.3068349904078123,4.131341820538718,134.1496199654112,0.0004542156821116805
26,gate_proj,lora,0.3065438440771714,4.131599384714065,134.2042012394203,0.02296803891658783
26,up_proj,base,0.3395054909710482,4.021907898751013,145.82116156014555,0.0
26,up_proj,svmo,0.3395053931804812,4.021852224541405,145.81286947009073,0.00020050765306223184
26,up_proj,lora,0.33884809626602463,4.021787926836297,145.8540056081813,0.02106289751827717
26,down_proj,base,1.1055831132884588,5.3538733776557255,143.6608162890636,0.0
26,down_proj,svmo,1.1061054688342333,5.353952206036692,143.6295243771643,0.0007771732052788138
26,down_proj,lora,1.09958806888709,5.351792522952095,143.7300640536934,0.0303011666983366
27,q_proj,base,0.7863801488092834,4.697252508365648,56.621467473756155,0.0
27,q_proj,svmo,0.7867429627168294,4.697897606561274,56.66260049823182,0.0013217435916885734
27,q_proj,lora,0.7848793227039729,4.6966596651650585,56.63665978190795,0.02333856374025345
27,k_proj,base,1.56889018082141,5.185830999741452,18.009112302669305,0.0
27,k_proj,svmo,1.5690982962356368,5.1862918668627325,18.031881868621593,0.001509108580648899
27,k_proj,lora,1.5662000572392796,5.182782464593801,18.016000413436142,0.028296422213315964
27,v_proj,base,2.497094899414457,6.446783268390789,36.6731717990736,0.0
27,v_proj,svmo,2.500342473786322,6.448451675994281,36.70224320173235,0.0010795473353937268
27,v_proj,lora,2.4964493542662547,6.446365552915622,36.677260353662234,0.014074557460844517
27,o_proj,base,0.8818261937944473,4.390973786309079,66.84974797842429,0.0
27,o_proj,svmo,0.8818104489100668,4.390824563185504,66.83774860818852,0.00041042049997486174
27,o_proj,lora,0.8804312113229079,4.390279721114632,66.86924160293,0.024028440937399864
27,gate_proj,base,0.18924267120349778,4.096085376930739,139.61094232132976,0.0
27,gate_proj,svmo,0.1892791231115263,4.096202364846616,139.6178910511732,0.0001469078561058268
27,gate_proj,lora,0.18905320750028484,4.095811032187003,139.64416127077794,0.02194402553141117
27,up_proj,base,0.12704439544911345,3.9736447069039307,144.94090872768044,0.0
27,up_proj,svmo,0.12705179495447277,3.973754053895357,144.9711888735927,0.000665552681311965
27,up_proj,lora,0.12691715852991417,3.9734082235113544,144.9723131147429,0.020811304450035095
27,down_proj,base,0.966291810836964,5.44620425995822,133.3173948185358,0.0
27,down_proj,svmo,0.9662886018372102,5.446204561162829,133.31830265517658,2.4664490410941653e-05
27,down_proj,lora,0.9655208170724963,5.4460220870282425,133.35245218205986,0.023005587980151176
